Subregion,FlowName,Emission_factor,Compartment,Unit,Year
AKGD,"1,2,4-Trimethylbenzene",1.573465559034362e-07,air,kg,2016
AKGD,2-Methylnaphthalene,2.8821823915213367e-09,air,kg,2016
AKGD,Acetaldehyde,0.00012014556662338567,air,kg,2016
AKGD,Acrolein,1.9235165745990034e-05,air,kg,2016
AKGD,Ammonia,7.817825418721305e-06,air,kg,2016
AKGD,Arsenic,4.517039490009176e-06,air,kg,2016
AKGD,Barium compounds,0.00012075739984219121,air,kg,2016
AKGD,Barium compounds,0.05686439481902672,ground,kg,2016
AKGD,Benzene,3.802193023859292e-05,air,kg,2016
AKGD,Benzo[ghi]perylene,7.158711331897026e-12,air,kg,2016
AKGD,CHROMIUM,0.00018277242121958224,waste,kg,2016
AKGD,COMPRESSED GAS,0.001089986334500656,waste,kg,2016
AKGD,CORROSIVE WASTE,0.09836461273541086,waste,kg,2016
AKGD,Cadmium,7.141654006574339e-07,air,kg,2016
AKGD,Carbon dioxide,485.51325044012407,air,kg,2016
AKGD,Carbon monoxide,0.4676865342243462,air,kg,2016
AKGD,Chromium(III),1.6204544776364597e-07,air,kg,2016
AKGD,Chromium(VI),6.741585422228019e-09,air,kg,2016
AKGD,Cobalt,1.0143302837113717e-08,air,kg,2016
AKGD,Cyclohexane,0.0002783772922883499,air,kg,2016
AKGD,Ethylbenzene,0.00013091364916361097,air,kg,2016
AKGD,Fluoranthene,3.661484926567878e-10,air,kg,2016
AKGD,Fluorene,3.432642118657386e-10,air,kg,2016
AKGD,Formaldehyde,0.002147402670135389,air,kg,2016
AKGD,Heat,9801.887781794258,input,MJ,2016
AKGD,Hexane,0.00021827319394492506,air,kg,2016
AKGD,Lead,0.00013734463267363643,air,kg,2016
AKGD,Lead compounds,1.530393958772635e-05,air,kg,2016
AKGD,Lead compounds,0.0006003625373286404,ground,kg,2016
AKGD,Lead compounds,1.489225702488586e-09,water,kg,2016
AKGD,Manganese,3.3399249869038115e-05,air,kg,2016
AKGD,Manganese compounds,3.335348130745602e-05,air,kg,2016
AKGD,Manganese compounds,0.01408663072281618,ground,kg,2016
AKGD,Mercury,2.1581152129283746e-06,air,kg,2016
AKGD,Mercury,3.0036925185786733e-06,ground,kg,2016
AKGD,Mercury compounds,1.0714852723837368e-06,air,kg,2016
AKGD,Mercury compounds,1.3882612480825801e-06,ground,kg,2016
AKGD,Methane,0.03479844557425544,air,kg,2016
AKGD,Naphthalene,5.56451828859048e-06,air,kg,2016
AKGD,Nickel,2.529640768524092e-07,air,kg,2016
AKGD,Nitrogen oxides,2.9586613377131616,air,kg,2016
AKGD,Nitrous oxide,0.004957747624665887,air,kg,2016
AKGD,OTH INORGANIC LIQUID,0.0022264970303435905,waste,kg,2016
AKGD,OTH ORGANIC LIQUID,0.0005582525350961194,waste,kg,2016
AKGD,"Particulate matter, ≤ 10μm",0.053506082501871194,air,kg,2016
AKGD,"Particulate matter, ≤ 2.5μm",0.035274400864333734,air,kg,2016
AKGD,Phenanthrene,2.034845508177081e-09,air,kg,2016
AKGD,Phenol,1.7317834112145369e-06,air,kg,2016
AKGD,Pyrene,5.949913005672802e-10,air,kg,2016
AKGD,Steam,1280.6417306338174,output,MJ,2016
AKGD,Sulfur dioxide,0.23864353110772984,air,kg,2016
AKGD,Toluene,0.0007188094659408605,air,kg,2016
AKGD,Volatile organic compounds,0.015161505532795775,air,kg,2016
AKGD,Xylene,0.00019223290659741706,air,kg,2016
AKMS,"1,3-Butadiene",8.060382546706693e-10,air,kg,2016
AKMS,"2,2,4-Trimethylpentane",2.9489204439170833e-11,air,kg,2016
AKMS,Acenaphthene,1.407931481173341e-07,air,kg,2016
AKMS,Acenaphthylene,4.226785969614486e-10,air,kg,2016
AKMS,Acetaldehyde,8.461080269522053e-05,air,kg,2016
AKMS,Acrolein,1.3537614218075294e-05,air,kg,2016
AKMS,Anthracene,3.7085056823562494e-08,air,kg,2016
AKMS,Benz[a]anthracene,2.4417182386428347e-08,air,kg,2016
AKMS,Benzene,2.5386508509149052e-05,air,kg,2016
AKMS,Benzo(b)fluoranthene,3.337359201044901e-08,air,kg,2016
AKMS,Benzo[a]pyrene,1.0419518901840362e-09,air,kg,2016
AKMS,Benzo[ghi]perylene,2.678602736558017e-11,air,kg,2016
AKMS,Benzo[k]fluoranthene,1.2311742853353822e-11,air,kg,2016
AKMS,Carbon dioxide,224.9796711363688,air,kg,2016
AKMS,Carbon monoxide,0.9691953333149271,air,kg,2016
AKMS,Chrysene,9.142114782192525e-08,air,kg,2016
AKMS,Ethylbenzene,6.768958656183688e-05,air,kg,2016
AKMS,Fluoranthene,5.988549186444253e-07,air,kg,2016
AKMS,Fluorene,3.8436317330960235e-07,air,kg,2016
AKMS,Formaldehyde,0.0015122512295628475,air,kg,2016
AKMS,Heat,10137.540004997092,input,MJ,2016
AKMS,Hexane,5.750394865638313e-10,air,kg,2016
AKMS,"Indeno[1,2,3-cd]pyrene",8.207828568902549e-12,air,kg,2016
AKMS,Lead,6.6596453358460795e-09,air,kg,2016
AKMS,Methane,0.010322302725833949,air,kg,2016
AKMS,Naphthalene,2.832952336897678e-06,air,kg,2016
AKMS,Nitrogen oxides,3.0711619696888093,air,kg,2016
AKMS,Nitrous oxide,0.0017621278906182838,air,kg,2016
AKMS,"PAH/POM, unspecified",1.385992608641029e-07,air,kg,2016
AKMS,"Particulate matter, ≤ 10μm",0.14835168461453274,air,kg,2016
AKMS,"Particulate matter, ≤ 2.5μm",0.14306633874001953,air,kg,2016
AKMS,Phenanthrene,1.225615568891344e-06,air,kg,2016
AKMS,Phenol,1.5178591970090919e-06,air,kg,2016
AKMS,Propionaldehyde,4.939441743561115e-11,air,kg,2016
AKMS,Pyrene,1.1159507984618427e-07,air,kg,2016
AKMS,Steam,79.10639426069545,output,MJ,2016
AKMS,Styrene,2.801474421721229e-10,air,kg,2016
AKMS,Sulfur dioxide,0.27599802273106155,air,kg,2016
AKMS,Toluene,0.00027499206668160506,air,kg,2016
AKMS,Volatile organic compounds,0.1771275995237829,air,kg,2016
AKMS,Xylene,0.00013538157157896817,air,kg,2016
AZNM,"1,1,1-Trichloroethane",3.0691611207079647e-07,air,kg,2016
AZNM,"1,1,2-Trichloroethane",5.371031961238939e-07,air,kg,2016
AZNM,"1,1-Dichloroethylene",7.731925131014296e-07,air,kg,2016
AZNM,"1,2-Dichloroethane",2.9654376392582018e-06,air,kg,2016
AZNM,"1,3-Butadiene",3.1884441074246765e-07,air,kg,2016
AZNM,"1,3-Dichloropropene",3.74791790701838e-07,air,kg,2016
AZNM,"2,4-Dinitrotoluene",2.352172906876096e-07,air,kg,2016
AZNM,2-Chloroacetophenone,5.359404303196098e-07,air,kg,2016
AZNM,2-Methylnaphthalene,1.7134460831195e-09,air,kg,2016
AZNM,3-Methylcholanthrene,1.0121286165403559e-10,air,kg,2016
AZNM,5-Methylchrysene,1.545471355437466e-10,air,kg,2016
AZNM,"7,12-Dimethylbenz[a]anthracene",9.005553832209466e-10,air,kg,2016
AZNM,Acenaphthene,3.671608674714365e-09,air,kg,2016
AZNM,Acenaphthylene,1.8609712429492626e-09,air,kg,2016
AZNM,Acetaldehyde,8.681081602595893e-05,air,kg,2016
AZNM,Acetophenone,1.2618281989711143e-06,air,kg,2016
AZNM,Acrolein,2.8718716482928226e-05,air,kg,2016
AZNM,Ammonia,0.0061853334400073295,air,kg,2016
AZNM,Anthracene,1.6372346768035184e-09,air,kg,2016
AZNM,Antimony,5.011645941062333e-07,air,kg,2016
AZNM,Arsenic,4.446059628391799e-06,air,kg,2016
AZNM,Arsenic compounds,6.138322241415929e-07,air,kg,2016
AZNM,Barium,3.5413397546630365e-06,air,kg,2016
AZNM,Barium compounds,1.4962160463451329e-05,air,kg,2016
AZNM,Barium compounds,4.869342162661675e-06,water,kg,2016
AZNM,Benz[a]anthracene,6.811417562249143e-10,air,kg,2016
AZNM,Benzene,0.00023727638974476578,air,kg,2016
AZNM,Benzidine,2.2280929289754938e-07,air,kg,2016
AZNM,Benzo(b)fluoranthene,1.0121286165403559e-10,air,kg,2016
AZNM,Benzo[a]pyrene,3.3435256438703243e-10,air,kg,2016
AZNM,Benzo[ghi]perylene,1.882653562963814e-09,air,kg,2016
AZNM,Benzo[k]fluoranthene,1.0121286165403559e-10,air,kg,2016
AZNM,Benzyl chloride,5.186941057144008e-05,air,kg,2016
AZNM,Beryllium,2.9318881681798283e-07,air,kg,2016
AZNM,Beryllium compounds,1.3545624561586115e-08,air,kg,2016
AZNM,Biphenyl,1.355504426382969e-07,air,kg,2016
AZNM,CORROSIVE WASTE,0.04014591472771005,waste,kg,2016
AZNM,Cadmium,8.2369479662222e-07,air,kg,2016
AZNM,Calcium cyanamide,5.430054290483323e-06,air,kg,2016
AZNM,Carbon dioxide,474.5795829918671,air,kg,2016
AZNM,Carbon disulfide,9.674760521283537e-06,air,kg,2016
AZNM,Carbon monoxide,0.17648566089067372,air,kg,2016
AZNM,Carbon tetrachloride,1.271931195216474e-08,air,kg,2016
AZNM,Chlorine,1.6656289831254677e-05,air,kg,2016
AZNM,Chlorobenzene,1.6295151433609013e-06,air,kg,2016
AZNM,Chloroethane,3.2629401404798235e-06,air,kg,2016
AZNM,Chloroform,1.9365253223738776e-05,air,kg,2016
AZNM,Chloromethane,3.745538468873049e-05,air,kg,2016
AZNM,Chromium,9.85672898381212e-07,air,kg,2016
AZNM,Chromium compounds,2.7622450086371685e-06,air,kg,2016
AZNM,Chromium(III),6.1725933036806045e-06,air,kg,2016
AZNM,Chromium(VI),1.0792172586040274e-06,air,kg,2016
AZNM,Chrysene,8.211025855442805e-10,air,kg,2016
AZNM,Cobalt,1.4036244124195052e-06,air,kg,2016
AZNM,Cobalt compounds,3.7774290716405726e-07,air,kg,2016
AZNM,Copper,1.481460464034037e-06,air,kg,2016
AZNM,Copper compounds,2.006759194309054e-06,air,kg,2016
AZNM,Copper compounds,1.3545624561586115e-08,water,kg,2016
AZNM,Cumene,3.9831623664109387e-07,air,kg,2016
AZNM,Cyanide,0.00014867629007347174,air,kg,2016
AZNM,Di(2-ethylhexyl) phthalate,5.569170262217711e-06,air,kg,2016
AZNM,"Dibenz[a,h]anthracene",6.77408916582128e-11,air,kg,2016
AZNM,Dibenzofuran,2.2280929289754938e-07,air,kg,2016
AZNM,Dibutyl phthalate,5.8136994305718183e-08,air,kg,2016
AZNM,Dimethyl phthalate,7.17121300319265e-08,air,kg,2016
AZNM,Dimethyl sulfate,3.6824720585230483e-06,air,kg,2016
AZNM,Dioxins,9.620639666834583e-11,air,kg,2016
AZNM,Ethylbenzene,4.3134674608327565e-05,air,kg,2016
AZNM,Ethylene dibromide,1.2703651629870653e-07,air,kg,2016
AZNM,Fluoranthene,5.244179432512316e-09,air,kg,2016
AZNM,Fluorene,6.631833450707469e-09,air,kg,2016
AZNM,Formaldehyde,0.0007643668318144853,air,kg,2016
AZNM,Heat,9951.838716804406,input,MJ,2016
AZNM,Hexachlorobenzene,6.374411558393466e-09,air,kg,2016
AZNM,Hexane,0.00018234836103425803,air,kg,2016
AZNM,Hydrochloric acid,0.0018111038004216574,air,kg,2016
AZNM,Hydrofluoric acid,0.0005120789732980677,air,kg,2016
AZNM,Hydrogen cyanide,1.7500120620959837e-05,air,kg,2016
AZNM,Hydrogen sulfide,0.0013613896233364302,air,kg,2016
AZNM,IGNITABLE WASTE,1.3339046409230771e-05,waste,kg,2016
AZNM,"Indeno[1,2,3-cd]pyrene",5.311441264986425e-10,air,kg,2016
AZNM,Isophorone,4.5148365597967246e-05,air,kg,2016
AZNM,LEAD,0.00035019571054747213,waste,kg,2016
AZNM,Lead,2.6274860740346876e-06,air,kg,2016
AZNM,Lead compounds,2.4140132660953032e-06,air,kg,2016
AZNM,Lead compounds,7.849969789503064e-09,water,kg,2016
AZNM,Manganese,8.296828869328421e-06,air,kg,2016
AZNM,Manganese compounds,4.33814119946222e-06,air,kg,2016
AZNM,Manganese compounds,2.753391659250511e-06,water,kg,2016
AZNM,Mercury,1.451139202310186e-06,air,kg,2016
AZNM,Mercury compounds,6.935123686215113e-07,air,kg,2016
AZNM,Methane,0.03556622498851485,air,kg,2016
AZNM,Methyl bromide,1.1832637868243898e-05,air,kg,2016
AZNM,Methyl hydrazine,1.3171399123741195e-05,air,kg,2016
AZNM,Methyl iodide,3.4232950961742685e-08,air,kg,2016
AZNM,Methyl isobutyl ketone,7.082679509326073e-07,air,kg,2016
AZNM,Methyl methacrylate,1.5565365787679092e-06,air,kg,2016
AZNM,Methyl tert-butyl ether,2.682573572893612e-06,air,kg,2016
AZNM,Methylene chloride,2.2982956620637032e-05,air,kg,2016
AZNM,N-Nitrosodimethylamine,5.400543125861131e-08,air,kg,2016
AZNM,Naphthalene,2.3295797295099064e-06,air,kg,2016
AZNM,Nickel,6.1529949963011976e-06,air,kg,2016
AZNM,Nickel compounds,2.437622197793057e-06,air,kg,2016
AZNM,Nickel compounds,1.13913095441661e-07,water,kg,2016
AZNM,Nitrogen oxides,0.44303189540870525,air,kg,2016
AZNM,Nitrous oxide,0.005471556626129064,air,kg,2016
AZNM,"PAH/POM, unspecified",2.562199608013578e-07,air,kg,2016
AZNM,"PAINT, INK, ETC.",0.0013802792434835784,waste,kg,2016
AZNM,"Particulate matter, ≤ 10μm",0.055017624794619954,air,kg,2016
AZNM,"Particulate matter, ≤ 2.5μm",0.03943071402556419,air,kg,2016
AZNM,Pentachlorophenol,6.374411558393466e-10,air,kg,2016
AZNM,Phenanthrene,1.9513592833122278e-08,air,kg,2016
AZNM,Phenol,2.047476000799992e-06,air,kg,2016
AZNM,Phthalic anhydride,3.89547373012934e-07,air,kg,2016
AZNM,Polychlorinated biphenyls,3.275739273063309e-11,air,kg,2016
AZNM,Polycyclic aromatic hydrocarbons,6.822466065718673e-07,air,kg,2016
AZNM,Propionaldehyde,2.83064501929192e-05,air,kg,2016
AZNM,Propylene oxide,2.111921916403105e-05,air,kg,2016
AZNM,Pyrene,2.721663814355849e-09,air,kg,2016
AZNM,Quinoline,4.220096540973452e-09,air,kg,2016
AZNM,Selenium,1.7702196782284428e-05,air,kg,2016
AZNM,Selenium compounds,2.6973204464683464e-06,air,kg,2016
AZNM,Steam,76.93037894649723,output,MJ,2016
AZNM,Styrene,1.8483336896858134e-06,air,kg,2016
AZNM,Sulfur dioxide,0.12682302680204752,air,kg,2016
AZNM,Sulfuric acid,0.00015388213147101915,air,kg,2016
AZNM,Tetrachloroethylene,3.175602074113098e-06,air,kg,2016
AZNM,Toluene,0.00017027809444709465,air,kg,2016
AZNM,Tribromomethane,3.3777969923023223e-06,air,kg,2016
AZNM,Trichloroethylene,2.0687326400156572e-08,air,kg,2016
AZNM,Vanadium,1.9241279333669163e-07,air,kg,2016
AZNM,Vanadium compounds,1.8798611864336286e-06,air,kg,2016
AZNM,Vinyl acetate,5.926492044350284e-07,air,kg,2016
AZNM,Volatile organic compounds,0.008772271959823663,air,kg,2016
AZNM,Xylene,7.614717628532557e-05,air,kg,2016
AZNM,Zinc compounds,1.7027941987004768e-05,air,kg,2016
AZNM,Zinc compounds,1.0299396453144998e-07,water,kg,2016
AZNM,m-Cresol,5.3710319612389384e-08,air,kg,2016
AZNM,m-Xylene,1.7559142950204225e-09,air,kg,2016
AZNM,o-Cresol,1.3516113396963923e-07,air,kg,2016
AZNM,o-Xylene,1.5198249780428865e-08,air,kg,2016
AZNM,p-Cresol,7.554858143281146e-08,air,kg,2016
AZNM,p-Xylene,1.7559142950204225e-09,air,kg,2016
CAMX,"1,1,1-Trichloroethane",1.0046774239515342e-06,air,kg,2016
CAMX,"1,1,2,2-Tetrachloroethane",1.4727657692016806e-06,air,kg,2016
CAMX,"1,1,2-Trichloroethane",1.7955756109264287e-07,air,kg,2016
CAMX,"1,1-Dichloroethane",1.9865212700859876e-06,air,kg,2016
CAMX,"1,1-Dichloroethylene",1.5327039109715165e-07,air,kg,2016
CAMX,"1,2-Dichloroethane",1.1112760090577286e-06,air,kg,2016
CAMX,"1,2-Dichloropropane",6.193607982883036e-07,air,kg,2016
CAMX,"1,3-Butadiene",6.188497544852034e-06,air,kg,2016
CAMX,"2,4-Dinitrophenol",2.505985165424565e-09,air,kg,2016
CAMX,"2,4-Dinitrotoluene",2.5009021125022925e-09,air,kg,2016
CAMX,2-Chloroacetophenone,6.252255281255732e-08,air,kg,2016
CAMX,2-Methylnaphthalene,1.2400217375175428e-09,air,kg,2016
CAMX,3-Methylcholanthrene,3.151021544141102e-11,air,kg,2016
CAMX,"7,12-Dimethylbenz[a]anthracene",2.8122020232657146e-10,air,kg,2016
CAMX,AQUEOUS W/O CYANIDES,1.3601183623711975e-05,waste,kg,2016
CAMX,ARSENIC,0.0026486185065034166,waste,kg,2016
CAMX,Acenaphthene,1.5043284450632902e-08,air,kg,2016
CAMX,Acenaphthylene,2.986783872286436e-08,air,kg,2016
CAMX,Acetaldehyde,0.00018222564265773624,air,kg,2016
CAMX,Acetophenone,1.3421064300397238e-07,air,kg,2016
CAMX,Acrolein,7.18642238297763e-05,air,kg,2016
CAMX,Acrylonitrile,2.657257618462722e-06,air,kg,2016
CAMX,Ammonia,0.01792149103274377,air,kg,2016
CAMX,Anthracene,2.304050445037873e-08,air,kg,2016
CAMX,Antimony,5.2273349298772896e-08,air,kg,2016
CAMX,Antimony compounds,2.3445957304708992e-08,air,kg,2016
CAMX,Arsenic,3.2177808191927897e-07,air,kg,2016
CAMX,Arsenic compounds,5.991744644536743e-07,air,kg,2016
CAMX,Asbestos,1.8054240183788495e-09,air,kg,2016
CAMX,BENZENE,0.006573703777651077,waste,kg,2016
CAMX,Barium compounds,5.991744644536743e-07,air,kg,2016
CAMX,Benz[a]anthracene,1.010390669848175e-08,air,kg,2016
CAMX,Benzene,0.0001935366521636125,air,kg,2016
CAMX,Benzo(b)fluoranthene,1.0768599703659288e-08,air,kg,2016
CAMX,Benzo[a]pyrene,2.1196500100910738e-08,air,kg,2016
CAMX,Benzo[e]pyrene,5.0338900244343255e-11,air,kg,2016
CAMX,Benzo[ghi]perylene,6.661998910528351e-09,air,kg,2016
CAMX,Benzo[k]fluoranthene,9.838249971778077e-09,air,kg,2016
CAMX,Benzyl chloride,6.258985139370972e-06,air,kg,2016
CAMX,Beryllium,2.0550601040052262e-08,air,kg,2016
CAMX,Biphenyl,7.553803316826929e-05,air,kg,2016
CAMX,CADMIUM,0.0004166871470850351,waste,kg,2016
CAMX,"CHLOROFORM (OR) METHANE, TRICHLORO-",8.595960914225093e-08,waste,kg,2016
CAMX,CHROMIUM,0.0003086198657727418,waste,kg,2016
CAMX,CONT. DEBRIS,0.00019638608666190503,waste,kg,2016
CAMX,CONTAMINATED SOIL,1.3940003144587362e-05,waste,kg,2016
CAMX,CORROSIVE WASTE,0.004323207007451755,waste,kg,2016
CAMX,Cadmium,4.106436524880784e-07,air,kg,2016
CAMX,Carbon dioxide,241.99663768474014,air,kg,2016
CAMX,Carbon disulfide,1.5118262390552916e-06,air,kg,2016
CAMX,Carbon monoxide,0.06714143767203627,air,kg,2016
CAMX,Carbon tetrachloride,6.821531372852746e-07,air,kg,2016
CAMX,Carbonyl sulfide,2.3290249373421924e-07,air,kg,2016
CAMX,Chlorine,5.087239707803693e-05,air,kg,2016
CAMX,Chlorobenzene,8.818777638880667e-07,air,kg,2016
CAMX,Chloroethane,1.0149096801481244e-06,air,kg,2016
CAMX,Chloroform,9.492721908911261e-07,air,kg,2016
CAMX,Chloromethane,5.543832610607207e-06,air,kg,2016
CAMX,Chromium compounds,5.991744644536743e-07,air,kg,2016
CAMX,Chromium(III),1.0278282946358074e-06,air,kg,2016
CAMX,Chromium(VI),1.8533747198095667e-07,air,kg,2016
CAMX,Chrysene,8.330944167175947e-09,air,kg,2016
CAMX,Cobalt,6.45037018070903e-08,air,kg,2016
CAMX,Cobalt compounds,5.991744644536743e-07,air,kg,2016
CAMX,Copper,3.453578644833398e-07,air,kg,2016
CAMX,Copper compounds,5.991744644536743e-07,air,kg,2016
CAMX,Cumene,4.732609900394963e-08,air,kg,2016
CAMX,Cyanide,5.470723371098764e-07,air,kg,2016
CAMX,Di(2-ethylhexyl) phthalate,6.519216403708046e-07,air,kg,2016
CAMX,"Dibenz[a,h]anthracene",9.858589373498284e-09,air,kg,2016
CAMX,"Dibenzo[a,h]pyrene",8.325279655795231e-10,air,kg,2016
CAMX,Dimethyl sulfate,4.2897418179726826e-07,air,kg,2016
CAMX,Dioxins,5.3054690073734524e-11,air,kg,2016
CAMX,Ethylbenzene,4.7636278098816e-05,air,kg,2016
CAMX,Ethylene dibromide,3.4528359419237933e-08,air,kg,2016
CAMX,Fluoranthene,1.637900359064593e-08,air,kg,2016
CAMX,Fluorene,3.334412836578211e-08,air,kg,2016
CAMX,Formaldehyde,0.0006344270282206986,air,kg,2016
CAMX,"HYDRAZINE (R,T)",5.849139843978616e-06,waste,kg,2016
CAMX,Heat,9062.023023507483,input,MJ,2016
CAMX,Hexane,0.0006337341979314704,air,kg,2016
CAMX,Hydrochloric acid,0.0008646192970111238,air,kg,2016
CAMX,Hydrofluoric acid,3.880314617617229e-05,air,kg,2016
CAMX,Hydrogen sulfide,9.717114459781244e-06,air,kg,2016
CAMX,IGNITABLE WASTE,0.02097192662645977,waste,kg,2016
CAMX,"Indeno[1,2,3-cd]pyrene",7.357411116273179e-09,air,kg,2016
CAMX,Isophorone,5.186028663604363e-06,air,kg,2016
CAMX,LAB PACKS/ACUTE,6.340765319239391e-07,waste,kg,2016
CAMX,LAB PACKS/NO ACUTE,1.4580676544261198e-05,waste,kg,2016
CAMX,"LEACHATE RESULTING FROM THE TREATMENT, STORAGE, OR DISPOSAL OF WASTES CLASSIFIED BY MORE THAN ONE WASTE CODE UNDER SUBPART D, OR FROM A MIXTURE OF WASTES CLASSIFIED UNDER SUBPARTS C AND D OF THIS PART.  (LEACHATE RESULTING FROM THE MANAGEMENT OF ONE OR MORE OF THE FOLLOWING EPA HAZARDOUS WASTES AND NO OTHER HAZARDOUS WASTES RETAINS ITS HAZARDOUS WASTE CODE(S): F020, F021, F022, F023, F026, F027, AND/OR F028.)",0.01093325718710132,waste,kg,2016
CAMX,LEAD,0.01661495069013191,waste,kg,2016
CAMX,Lead,1.1846541516504335e-06,air,kg,2016
CAMX,Lead compounds,1.1245375818369685e-07,air,kg,2016
CAMX,MERCURY,6.013174136387645e-05,waste,kg,2016
CAMX,Manganese,7.057625719955785e-06,air,kg,2016
CAMX,Manganese compounds,5.991744644536743e-07,air,kg,2016
CAMX,Mercury,2.212319578642478e-07,air,kg,2016
CAMX,Mercury compounds,7.2508793886785215e-09,air,kg,2016
CAMX,Methane,0.015398546121361423,air,kg,2016
CAMX,Methanol,9.196529852331942e-09,air,kg,2016
CAMX,Methyl bromide,1.6373938950354068e-06,air,kg,2016
CAMX,Methyl hydrazine,1.519645380860768e-06,air,kg,2016
CAMX,Methyl isobutyl ketone,1.5340874005622532e-06,air,kg,2016
CAMX,Methyl methacrylate,1.78883970547039e-07,air,kg,2016
CAMX,Methyl tert-butyl ether,3.164883867336382e-07,air,kg,2016
CAMX,Methylene chloride,1.9336932522630166e-05,air,kg,2016
CAMX,NITROGEN DIOXIDE (OR) NITROGEN OXIDE NO2,3.799618912673986e-08,waste,kg,2016
CAMX,NONHALOGEN. SOLVENT,0.0002538619780995448,waste,kg,2016
CAMX,Naphthalene,8.649960305296747e-06,air,kg,2016
CAMX,Nickel,2.1163337486805537e-06,air,kg,2016
CAMX,Nickel compounds,5.991744644536743e-07,air,kg,2016
CAMX,Nitrogen dioxide,0.00015452831742614756,air,kg,2016
CAMX,Nitrogen oxides,0.2680790014604408,air,kg,2016
CAMX,Nitrous oxide,0.0019838083126834175,air,kg,2016
CAMX,OIL-WATER EMULSION,0.00010702326258643717,waste,kg,2016
CAMX,OTH INORGANIC SOLIDS,2.3523755306491178e-05,waste,kg,2016
CAMX,OTH ORGANIC LIQUID,2.667386994216778e-07,waste,kg,2016
CAMX,OTH ORGANIC SOLIDS,1.83446569159674e-05,waste,kg,2016
CAMX,OTHER AQUEOUS WST,0.005046286462647382,waste,kg,2016
CAMX,"PAH/POM, unspecified",4.220272314847619e-09,air,kg,2016
CAMX,PAINT THINNER,0.00033555330069414855,waste,kg,2016
CAMX,"PAINT, INK, ETC.",0.0005228801705836884,waste,kg,2016
CAMX,"Particulate matter, ≤ 10μm",0.02533196364559495,air,kg,2016
CAMX,"Particulate matter, ≤ 2.5μm",0.01953744641108372,air,kg,2016
CAMX,Pentachlorophenol,7.16403504010895e-10,air,kg,2016
CAMX,Phenanthrene,9.06054258980264e-08,air,kg,2016
CAMX,Phenol,4.6145094754021896e-05,air,kg,2016
CAMX,Phosphorus,1.1759292575796365e-07,air,kg,2016
CAMX,Polychlorinated biphenyls,2.1235227369884696e-10,air,kg,2016
CAMX,Polycyclic aromatic hydrocarbons,2.3062300137840543e-06,air,kg,2016
CAMX,Propionaldehyde,4.250214582869046e-06,air,kg,2016
CAMX,Propylene oxide,4.1965892546274854e-05,air,kg,2016
CAMX,Pyrene,2.6421028291034e-08,air,kg,2016
CAMX,REACTIVE ORG. LIQUID,4.433695444597925e-06,waste,kg,2016
CAMX,SILVER,0.0002880938823493591,waste,kg,2016
CAMX,SOLID THERMAL RES.,5.125806920168949e-05,waste,kg,2016
CAMX,SPENT FILTERS,1.8199448549877945e-05,waste,kg,2016
CAMX,Selenium,4.0028329735710655e-06,air,kg,2016
CAMX,Selenium compounds,3.994496429691162e-06,air,kg,2016
CAMX,Steam,684.7053642380072,output,MJ,2016
CAMX,Styrene,2.6689011075822125e-05,air,kg,2016
CAMX,Sulfur dioxide,0.023860300716042386,air,kg,2016
CAMX,Sulfuric acid,2.5778091943056836e-05,air,kg,2016
CAMX,TETRACHLOROETHYLENE,8.712501965367102e-06,waste,kg,2016
CAMX,"THE FOLLOWING SPENT NONHALOGENATED SOLVENTS: TOLUENE, METHYL ETHYL KETONE, CARBON DISULFIDE, ISOBUTANOL, PYRIDINE, BENZENE, 2-ETHOXYETHANOL, AND 2-NITROPROPANE; ALL SPENT SOLVENT MIXTURES/BLENDS CONTAINING, BEFORE USE, A TOTAL OF TEN PERCENT OR MORE (BY VOLUME) OF ONE OR MORE OF THE ABOVE NONHALOGENATED SOLVENTS OR THOSE SOLVENTS LISTED IN F001, F002, OR F004; AND STILL BOTTOMS FROM THE RECOVERY OF THESE SPENT SOLVENTS AND SPENT SOLVENT MIXTURES.",9.893132253898959e-06,waste,kg,2016
CAMX,"THE FOLLOWING SPENT NONHALOGENATED SOLVENTS: XYLENE, ACETONE, ETHYL ACETATE, ETHYL BENZENE, ETHYL ETHER, METHYL ISOBUTYL KETONE, N-BUTYL ALCOHOL, CYCLOHEXANONE, AND METHANOL; ALL SPENT SOLVENT MIXTURES/BLENDS CONTAINING, BEFORE USE, ONLY THE ABOVE SPENT NONHALOGENATED SOLVENTS; AND ALL SPENT SOLVENT MIXTURES/BLENDS CONTAINING, BEFORE USE, ONE OR MORE OF THE ABOVE NONHALOGENATED SOLVENTS, AND A TOTAL OF TEN PERCENT OR MORE (BY VOLUME) OF ONE OR MORE OF THOSE SOLVENTS LISTED IN F001, F002, F004, AND F005; AND STILL BOTTOMS FROM THE RECOVERY OF THESE SPENT SOLVENTS AND SPENT SOLVENT MIXTURES.",0.0001710136767563341,waste,kg,2016
CAMX,TRICHLORETHYLENE,0.00748278265185578,waste,kg,2016
CAMX,Tetrachloroethylene,6.025266101708392e-06,air,kg,2016
CAMX,Toluene,0.00023633977323545712,air,kg,2016
CAMX,Tribromomethane,3.486500688089133e-07,air,kg,2016
CAMX,Trichloroethylene,3.390358176252357e-06,air,kg,2016
CAMX,Vanadium compounds,5.991744644536743e-07,air,kg,2016
CAMX,Vinyl acetate,6.816694994146873e-08,air,kg,2016
CAMX,Vinyl chloride,4.2019491577882055e-06,air,kg,2016
CAMX,Volatile organic compounds,0.007969639755708871,air,kg,2016
CAMX,WASTE OIL,4.425217279622931e-05,waste,kg,2016
CAMX,Xylene,0.00014424990096732065,air,kg,2016
CAMX,Zinc compounds,5.991744644536743e-07,air,kg,2016
CAMX,m-Xylene,1.7279795564644752e-10,air,kg,2016
CAMX,o-Xylene,3.368552922599184e-07,air,kg,2016
CAMX,p-Dichlorobenzene,2.5630763703855705e-07,air,kg,2016
CAMX,p-Nitrophenol,1.5269955165172465e-09,air,kg,2016
ERCT,"1,1,1-Trichloroethane",1.2080674700721998e-08,air,kg,2016
ERCT,"1,1,2,2-Tetrachloroethane",9.31250838792521e-07,air,kg,2016
ERCT,"1,1-Dichloroethane",2.0953150870034515e-06,air,kg,2016
ERCT,"1,2,4-Trimethylbenzene",9.817304796510695e-09,air,kg,2016
ERCT,"1,2-Dichloroethane",3.4046177099553635e-06,air,kg,2016
ERCT,"1,2-Dichloropropane",1.2860073068510512e-08,air,kg,2016
ERCT,"1,3-Butadiene",6.664005501048684e-07,air,kg,2016
ERCT,1-Methylnaphthalene,1.2841632056398974e-10,air,kg,2016
ERCT,"2,2,4-Trimethylpentane",7.905871076387456e-08,air,kg,2016
ERCT,"2,4-Dinitrophenol",7.014585310096644e-11,air,kg,2016
ERCT,"2,4-Dinitrotoluene",2.3701408677591784e-08,air,kg,2016
ERCT,2-Chloroacetophenone,5.9318279641186e-07,air,kg,2016
ERCT,2-Methylnaphthalene,1.9751513917239783e-09,air,kg,2016
ERCT,3-Methylcholanthrene,1.397524030190009e-10,air,kg,2016
ERCT,5-Methylchrysene,1.7199710778055677e-09,air,kg,2016
ERCT,"7,12-Dimethylbenz[a]anthracene",1.2422837325391474e-09,air,kg,2016
ERCT,Acenaphthene,3.9993238205963045e-08,air,kg,2016
ERCT,Acenaphthylene,1.9745408600092754e-08,air,kg,2016
ERCT,Acetaldehyde,8.497248551236847e-05,air,kg,2016
ERCT,Acetophenone,1.5386501617387575e-06,air,kg,2016
ERCT,Acrolein,2.9711422184005716e-05,air,kg,2016
ERCT,Acrylonitrile,2.9489622835862206e-06,air,kg,2016
ERCT,Ammonia,0.008542207263725718,air,kg,2016
ERCT,Ammonia,2.48411485484268e-07,water,kg,2016
ERCT,Anthracene,1.6687511516828455e-08,air,kg,2016
ERCT,Antimony,7.045664656071e-07,air,kg,2016
ERCT,Arsenic,3.4299666168157616e-06,air,kg,2016
ERCT,Arsenic compounds,3.9113800112747094e-07,air,kg,2016
ERCT,Arsenic compounds,2.0204479528438897e-05,ground,kg,2016
ERCT,Arsenic compounds,2.6680274249092388e-08,water,kg,2016
ERCT,Barium compounds,4.766029495327674e-05,air,kg,2016
ERCT,Barium compounds,0.0004504700094534647,ground,kg,2016
ERCT,Barium compounds,5.9836343218838264e-06,water,kg,2016
ERCT,Benz[a]anthracene,6.416331011058213e-09,air,kg,2016
ERCT,Benzene,8.006400260118962e-05,air,kg,2016
ERCT,Benzo(b)fluoranthene,1.4097181849998667e-10,air,kg,2016
ERCT,Benzo[a]pyrene,3.068916836751456e-09,air,kg,2016
ERCT,Benzo[ghi]perylene,2.2131392297245424e-09,air,kg,2016
ERCT,Benzo[k]fluoranthene,1.4097181849998667e-10,air,kg,2016
ERCT,Benzyl chloride,5.2689138101547426e-05,air,kg,2016
ERCT,Beryllium,2.542234475229899e-07,air,kg,2016
ERCT,Beryllium compounds,2.9529623926179927e-08,air,kg,2016
ERCT,Beryllium compounds,1.403952295437677e-09,water,kg,2016
ERCT,Biphenyl,1.4756866793831485e-07,air,kg,2016
ERCT,Bromine,2.245805609122631e-08,air,kg,2016
ERCT,CADMIUM,5.493984266465468e-06,waste,kg,2016
ERCT,Cadmium,5.090286543331253e-07,air,kg,2016
ERCT,Carbon dioxide,457.05598851730616,air,kg,2016
ERCT,Carbon disulfide,1.1008851025110939e-05,air,kg,2016
ERCT,Carbon monoxide,0.37340222678155977,air,kg,2016
ERCT,Carbon tetrachloride,1.753646327524161e-08,air,kg,2016
ERCT,Chlorine,1.2704729364976349e-06,air,kg,2016
ERCT,Chlorobenzene,3.018670052946681e-06,air,kg,2016
ERCT,Chloroethane,3.574638859294968e-06,air,kg,2016
ERCT,Chloroform,7.253592510193742e-06,air,kg,2016
ERCT,Chloromethane,3.9681753794263474e-05,air,kg,2016
ERCT,Chromium compounds,4.610765841105286e-06,air,kg,2016
ERCT,Chromium compounds,4.509562121210914e-05,ground,kg,2016
ERCT,Chromium compounds,5.854118427470757e-07,water,kg,2016
ERCT,Chromium(III),9.525503773484836e-06,air,kg,2016
ERCT,Chromium(VI),2.748691182921417e-06,air,kg,2016
ERCT,Chrysene,7.97052174401505e-09,air,kg,2016
ERCT,Cobalt,1.3359824376506356e-06,air,kg,2016
ERCT,Cobalt compounds,2.9788655715006065e-07,air,kg,2016
ERCT,Copper compounds,5.491473923114162e-06,air,kg,2016
ERCT,Copper compounds,6.331617626992864e-05,ground,kg,2016
ERCT,Copper compounds,7.952275916962488e-06,water,kg,2016
ERCT,Cumene,4.4969281605900045e-07,air,kg,2016
ERCT,Cyanide,0.0001868637192366554,air,kg,2016
ERCT,Di(2-ethylhexyl) phthalate,7.019779514693469e-06,air,kg,2016
ERCT,"Dibenz[a,h]anthracene",9.292128193491628e-11,air,kg,2016
ERCT,Dimethyl sulfate,4.092702263453008e-06,air,kg,2016
ERCT,Dioxins,5.905924785235985e-11,air,kg,2016
ERCT,Ethylbenzene,5.66812960883188e-05,air,kg,2016
ERCT,Ethylene dibromide,1.0154046121984677e-07,air,kg,2016
ERCT,Fluoranthene,5.5859155260730125e-08,air,kg,2016
ERCT,Fluorene,7.139701758779559e-08,air,kg,2016
ERCT,Fluorine,1.030946519528036e-06,air,kg,2016
ERCT,Formaldehyde,0.0005624697370741474,air,kg,2016
ERCT,Heat,9219.659972777914,input,MJ,2016
ERCT,Hexachlorobenzene,4.973410345461882e-08,air,kg,2016
ERCT,Hexane,0.0002228645694457409,air,kg,2016
ERCT,Hydrochloric acid,0.001174729951569052,air,kg,2016
ERCT,Hydrofluoric acid,0.0018202570480721294,air,kg,2016
ERCT,Hydrogen cyanide,1.3987716596611544e-06,air,kg,2016
ERCT,"Indeno[1,2,3-cd]pyrene",4.913742680533942e-09,air,kg,2016
ERCT,Isophorone,4.2474478540977434e-05,air,kg,2016
ERCT,Lead,3.4656636173795463e-06,air,kg,2016
ERCT,Lead compounds,1.7432839387999202e-06,air,kg,2016
ERCT,Lead compounds,4.031596664468921e-05,ground,kg,2016
ERCT,Lead compounds,4.403540410044375e-07,water,kg,2016
ERCT,"METHANE, TRICHLOROFLUORO- (OR) TRICHLOROMONOFLUOROMETHANE",8.97835115203693e-07,waste,kg,2016
ERCT,Manganese,1.5769132791073006e-05,air,kg,2016
ERCT,Manganese compounds,1.3081105335720055e-05,air,kg,2016
ERCT,Manganese compounds,0.000501103212247099,ground,kg,2016
ERCT,Manganese compounds,2.952962392617992e-06,water,kg,2016
ERCT,Mercury,4.579450534931443e-06,air,kg,2016
ERCT,Mercury compounds,3.8077672957442534e-06,air,kg,2016
ERCT,Mercury compounds,2.5255599410548623e-08,ground,kg,2016
ERCT,Mercury compounds,3.445122791387658e-09,water,kg,2016
ERCT,Methane,0.034326214187108114,air,kg,2016
ERCT,Methanol,1.2419958400519855e-09,air,kg,2016
ERCT,Methyl bromide,1.0859277439573669e-05,air,kg,2016
ERCT,Methyl hydrazine,1.2718460831363459e-05,air,kg,2016
ERCT,Methyl isobutyl ketone,1.0088560308310542e-06,air,kg,2016
ERCT,Methyl methacrylate,1.696658216811215e-06,air,kg,2016
ERCT,Methyl tert-butyl ether,2.952962392617992e-06,air,kg,2016
ERCT,Methylene chloride,4.358900193424672e-05,air,kg,2016
ERCT,Naphthalene,7.77438335351466e-06,air,kg,2016
ERCT,Nickel,5.2655761398583425e-06,air,kg,2016
ERCT,Nickel compounds,3.0824782870310622e-06,air,kg,2016
ERCT,Nickel compounds,2.7716401404396946e-06,ground,kg,2016
ERCT,Nickel compounds,7.175180550484071e-07,water,kg,2016
ERCT,Nitrogen dioxide,0.0013679415536662733,air,kg,2016
ERCT,Nitrogen oxides,0.24654552655889422,air,kg,2016
ERCT,Nitrous oxide,0.004840518057071694,air,kg,2016
ERCT,"Particulate matter, ≤ 10μm",0.04658920851187117,air,kg,2016
ERCT,"Particulate matter, ≤ 2.5μm",0.036022035322160056,air,kg,2016
ERCT,Pentachlorophenol,2.0041672314561838e-11,air,kg,2016
ERCT,Phenanthrene,2.1191390234964394e-07,air,kg,2016
ERCT,Phenol,3.678634873323989e-06,air,kg,2016
ERCT,Phosphorus,2.7051466802480245e-05,air,kg,2016
ERCT,Polycyclic aromatic hydrocarbons,2.7470335942136856e-07,air,kg,2016
ERCT,Propionaldehyde,2.8439708620758958e-05,air,kg,2016
ERCT,Propylene oxide,3.7194717867095876e-05,air,kg,2016
ERCT,Pyrene,2.6179901476467407e-08,air,kg,2016
ERCT,SELENIUM,0.0009743094348847639,waste,kg,2016
ERCT,Selenium,5.5119864720756634e-05,air,kg,2016
ERCT,Selenium compounds,1.8106322038947168e-05,air,kg,2016
ERCT,Selenium compounds,2.4504407222952815e-05,ground,kg,2016
ERCT,Selenium compounds,7.226986908249297e-08,water,kg,2016
ERCT,Steam,779.5238883873336,output,MJ,2016
ERCT,Styrene,2.8548110892985525e-06,air,kg,2016
ERCT,Sulfur dioxide,0.464416043042683,air,kg,2016
ERCT,Sulfuric acid,0.0008634379145842586,air,kg,2016
ERCT,"THE FOLLOWING SPENT HALOGENATED SOLVENTS USED IN DEGREASING: TETRACHLOROETHYLENE, TRICHLORETHYLENE, METHYLENE CHLORIDE, 1,1,1-TRICHLOROETHANE, CARBON TETRACHLORIDE AND CHLORINATED FLUOROCARBONS; ALL SPENT SOLVENT MIXTURES/BLENDS USED IN DEGREASING CONTAINING, BEFORE USE, A TOTAL OF TEN PERCENT OR MORE (BY VOLUME) OF ONE OR MORE OF THE ABOVE HALOGENATED SOLVENTS OR THOSE SOLVENTS LISTED IN F002, F004, AND F005; AND STILL BOTTOMS FROM THE RECOVERY OF THESE SPENT SOLVENTS AND SPENT SOLVENT MIXTURES.",0.0002740929473401845,waste,kg,2016
ERCT,"THE FOLLOWING SPENT HALOGENATED SOLVENTS: TETRACHLOROETHYLENE, METHYLENE CHLORIDE, TRICHLOROETHYLENE, 1,1,1-TRICHLOROETHANE, CHLOROBENZENE, 1,1,2-TRICHLORO-1,2,2-TRIFLUOROETHANE, ORTHO-DICHLOROBENZENE, TRICHLOROFLUOROMETHANE, AND 1,1,2, TRICHLOROETHANE; ALL SPENT SOLVENT MIXTURES/BLENDS CONTAINING, BEFORE USE, A TOTAL OF TEN PERCENT OR MORE (BY VOLUME) OF ONE OR MORE OF THE ABOVE HALOGENATED SOLVENTS OR THOSE SOLVENTS LISTED IN F001, F004, AND F005; AND STILL BOTTOMS FROM THE RECOVERY OF THESE SPENT SOLVENTS AND SPENT SOLVENT MIXTURES.",8.169004593860525e-07,waste,kg,2016
ERCT,"THE FOLLOWING SPENT NONHALOGENATED SOLVENTS: TOLUENE, METHYL ETHYL KETONE, CARBON DISULFIDE, ISOBUTANOL, PYRIDINE, BENZENE, 2-ETHOXYETHANOL, AND 2-NITROPROPANE; ALL SPENT SOLVENT MIXTURES/BLENDS CONTAINING, BEFORE USE, A TOTAL OF TEN PERCENT OR MORE (BY VOLUME) OF ONE OR MORE OF THE ABOVE NONHALOGENATED SOLVENTS OR THOSE SOLVENTS LISTED IN F001, F002, OR F004; AND STILL BOTTOMS FROM THE RECOVERY OF THESE SPENT SOLVENTS AND SPENT SOLVENT MIXTURES.",4.802122911846675e-07,waste,kg,2016
ERCT,"THE FOLLOWING SPENT NONHALOGENATED SOLVENTS: XYLENE, ACETONE, ETHYL ACETATE, ETHYL BENZENE, ETHYL ETHER, METHYL ISOBUTYL KETONE, N-BUTYL ALCOHOL, CYCLOHEXANONE, AND METHANOL; ALL SPENT SOLVENT MIXTURES/BLENDS CONTAINING, BEFORE USE, ONLY THE ABOVE SPENT NONHALOGENATED SOLVENTS; AND ALL SPENT SOLVENT MIXTURES/BLENDS CONTAINING, BEFORE USE, ONE OR MORE OF THE ABOVE NONHALOGENATED SOLVENTS, AND A TOTAL OF TEN PERCENT OR MORE (BY VOLUME) OF ONE OR MORE OF THOSE SOLVENTS LISTED IN F001, F002, F004, AND F005; AND STILL BOTTOMS FROM THE RECOVERY OF THESE SPENT SOLVENTS AND SPENT SOLVENT MIXTURES.",2.173276708251312e-06,waste,kg,2016
ERCT,Tetrachloroethylene,1.1968201028595281e-05,air,kg,2016
ERCT,Thallium compounds,4.274024515631305e-07,air,kg,2016
ERCT,Thallium compounds,2.797543319322309e-09,water,kg,2016
ERCT,Toluene,0.000217125324137112,air,kg,2016
ERCT,Tribromomethane,3.2897037180919744e-06,air,kg,2016
ERCT,Trichloroethylene,4.18680833843914e-06,air,kg,2016
ERCT,Vanadium compounds,5.051119882109724e-06,air,kg,2016
ERCT,Vanadium compounds,0.0001465568187045751,ground,kg,2016
ERCT,Vinyl acetate,6.423988362888265e-07,air,kg,2016
ERCT,Vinyl chloride,4.042442880153833e-06,air,kg,2016
ERCT,Volatile organic compounds,0.0066116818058108906,air,kg,2016
ERCT,Xylene,0.00011063180776878713,air,kg,2016
ERCT,Zinc compounds,1.580093911839452e-05,air,kg,2016
ERCT,Zinc compounds,6.2426661107099666e-06,ground,kg,2016
ERCT,Zinc compounds,1.3184718051250511e-07,water,kg,2016
ERCT,o-Xylene,9.74247959735645e-09,air,kg,2016
ERCT,p-Nitrophenol,4.2866910228368375e-11,air,kg,2016
FRCC,"1,1,1-Trichloroethane",1.4261238407568649e-06,air,kg,2016
FRCC,"1,1,2,2-Tetrachloroethane",6.706938228001384e-07,air,kg,2016
FRCC,"1,1,2-Trichloroethane",4.8221417186725286e-08,air,kg,2016
FRCC,"1,1-Dichloroethane",8.371433846629465e-07,air,kg,2016
FRCC,"1,2-Dichloroethane",2.43445772124754e-06,air,kg,2016
FRCC,"1,2-Dichloropropane",1.1578035700162973e-06,air,kg,2016
FRCC,"1,3-Butadiene",7.544332829552244e-07,air,kg,2016
FRCC,1-Methylnaphthalene,1.0584623708478461e-10,air,kg,2016
FRCC,"2,2,4-Trimethylpentane",1.8442904946591258e-11,air,kg,2016
FRCC,"2,4-Dinitrophenol",7.147540009402935e-09,air,kg,2016
FRCC,"2,4-Dinitrotoluene",9.160171793803457e-09,air,kg,2016
FRCC,2-Chloroacetophenone,2.2938074968457216e-07,air,kg,2016
FRCC,2-Methylnaphthalene,9.34141772537494e-09,air,kg,2016
FRCC,5-Methylchrysene,2.029215982121587e-11,air,kg,2016
FRCC,ARSENIC,2.437670914679888e-08,waste,kg,2016
FRCC,Acenaphthene,1.2353225886520074e-09,air,kg,2016
FRCC,Acenaphthylene,2.9833944917416643e-09,air,kg,2016
FRCC,Acetaldehyde,0.00010976303324760982,air,kg,2016
FRCC,Acetophenone,4.7642825325634637e-07,air,kg,2016
FRCC,Acrolein,0.00014872709297375885,air,kg,2016
FRCC,Acrylonitrile,1.2092071111798116e-06,air,kg,2016
FRCC,Ammonia,0.0078338611540365,air,kg,2016
FRCC,Ammonia,0.0001301865956852859,water,kg,2016
FRCC,Anthracene,1.473539085499522e-09,air,kg,2016
FRCC,Antimony,7.2406199400306e-07,air,kg,2016
FRCC,Arsenic,6.174815142881851e-06,air,kg,2016
FRCC,Arsenic compounds,1.6197681735701887e-06,air,kg,2016
FRCC,Arsenic compounds,4.907416446658196e-08,water,kg,2016
FRCC,Barium compounds,1.987205828238462e-05,air,kg,2016
FRCC,Barium compounds,6.93082787024477e-06,water,kg,2016
FRCC,Benz[a]anthracene,1.7550126564962566e-10,air,kg,2016
FRCC,Benzene,0.0001942675062185084,air,kg,2016
FRCC,Benzo(b)fluoranthene,1.3694294022817789e-10,air,kg,2016
FRCC,Benzo[a]pyrene,7.211128598841905e-09,air,kg,2016
FRCC,Benzo[ghi]perylene,1.802433634664417e-09,air,kg,2016
FRCC,Benzo[ghi]perylene,8.37172139902501e-10,ground,kg,2016
FRCC,Benzo[k]fluoranthene,1.7623653927653322e-11,air,kg,2016
FRCC,Benzyl chloride,2.2814266945685316e-05,air,kg,2016
FRCC,Beryllium,2.614445145794025e-07,air,kg,2016
FRCC,Beryllium compounds,1.1145929511200804e-07,air,kg,2016
FRCC,Beryllium compounds,2.966902100103811e-08,water,kg,2016
FRCC,Biphenyl,5.673492586493163e-08,air,kg,2016
FRCC,CADMIUM,5.432169571749022e-05,waste,kg,2016
FRCC,CHROMIUM,3.629979869796162e-05,waste,kg,2016
FRCC,COMPRESSED GAS,7.391485843178808e-06,waste,kg,2016
FRCC,CONT. DEBRIS,0.00011755444173114447,waste,kg,2016
FRCC,CORROSIVE WASTE,7.112145165012616e-06,waste,kg,2016
FRCC,Cadmium,9.067670912098535e-07,air,kg,2016
FRCC,Carbon dioxide,452.349323359888,air,kg,2016
FRCC,Carbon disulfide,4.241529918895116e-06,air,kg,2016
FRCC,Carbon monoxide,0.12381867758399343,air,kg,2016
FRCC,Carbon tetrachloride,1.5812708376966768e-06,air,kg,2016
FRCC,Carbonyl sulfide,1.062339850712628e-07,air,kg,2016
FRCC,Chlorine,1.4541522356090262e-05,air,kg,2016
FRCC,Chlorobenzene,1.9557857909094985e-06,air,kg,2016
FRCC,Chloroethane,1.6631516848004964e-06,air,kg,2016
FRCC,Chloroform,2.8726146954599405e-06,air,kg,2016
FRCC,Chloromethane,1.7591454926313524e-05,air,kg,2016
FRCC,Chromium compounds,3.704618297967461e-06,air,kg,2016
FRCC,Chromium compounds,3.3036855817372166e-07,water,kg,2016
FRCC,Chromium(III),7.269242493066522e-06,air,kg,2016
FRCC,Chromium(VI),1.2337727313606478e-06,air,kg,2016
FRCC,Chrysene,7.165982043139165e-09,air,kg,2016
FRCC,Cobalt,1.2312792467168894e-06,air,kg,2016
FRCC,Cobalt compounds,5.452684940731329e-07,air,kg,2016
FRCC,Cobalt compounds,3.929140619056398e-06,water,kg,2016
FRCC,Copper,1.0071429831703747e-05,air,kg,2016
FRCC,Copper compounds,1.5588264007031916e-06,air,kg,2016
FRCC,Copper compounds,1.8400406078670852e-05,water,kg,2016
FRCC,Cumene,1.7168358530068793e-07,air,kg,2016
FRCC,Cyanide,7.827301932010898e-05,air,kg,2016
FRCC,"DIMETHYLAMINE (I) (OR) METHANAMINE, N-METHYL- (I)",1.981014096794605e-08,waste,kg,2016
FRCC,DRIED PAINT,1.2277720308722258e-08,waste,kg,2016
FRCC,Di(2-ethylhexyl) phthalate,2.6594060829329968e-06,air,kg,2016
FRCC,"Dibenz[a,h]anthracene",5.965878817506041e-14,air,kg,2016
FRCC,Dibenzofuran,6.584548844278731e-08,air,kg,2016
FRCC,Dimethyl sulfate,1.5662455477176094e-06,air,kg,2016
FRCC,Dioxins,5.955342804218018e-11,air,kg,2016
FRCC,Dipotassium endothall,3.525287668252627e-05,water,kg,2016
FRCC,Ethylbenzene,4.9762443867975194e-05,air,kg,2016
FRCC,Ethylene dibromide,4.0237433132924676e-08,air,kg,2016
FRCC,Fluoranthene,7.850436139003398e-09,air,kg,2016
FRCC,Fluorene,4.800985233820068e-09,air,kg,2016
FRCC,Formaldehyde,0.0015568943271622377,air,kg,2016
FRCC,Heat,9059.297009809821,input,MJ,2016
FRCC,Hexane,0.00023888437058046825,air,kg,2016
FRCC,Hydrochloric acid,0.00397584971921919,air,kg,2016
FRCC,Hydrofluoric acid,0.0014214642062111487,air,kg,2016
FRCC,IGNITABLE WASTE,9.75887346172369e-06,waste,kg,2016
FRCC,"Indeno[1,2,3-cd]pyrene",9.346717205714669e-11,air,kg,2016
FRCC,Isophorone,1.8910330766277862e-05,air,kg,2016
FRCC,LAB PACKS/NO ACUTE,4.635314190372354e-06,waste,kg,2016
FRCC,LEAD,3.0269747206231238e-06,waste,kg,2016
FRCC,Lead,8.502786998011347e-06,air,kg,2016
FRCC,Lead,5.010048554474097e-09,ground,kg,2016
FRCC,Lead,2.036738198449643e-09,water,kg,2016
FRCC,Lead compounds,2.3918288529151316e-06,air,kg,2016
FRCC,Lead compounds,2.6465117886105565e-07,water,kg,2016
FRCC,Manganese,2.374235893427607e-05,air,kg,2016
FRCC,Manganese compounds,4.522690655301815e-06,air,kg,2016
FRCC,Manganese compounds,8.79539607916946e-06,water,kg,2016
FRCC,Mercury,6.428033167411653e-07,air,kg,2016
FRCC,Mercury,1.2813809610718621e-10,water,kg,2016
FRCC,Mercury compounds,3.8609868250417935e-07,air,kg,2016
FRCC,Mercury compounds,2.7955801917021307e-09,water,kg,2016
FRCC,Methane,0.03188785274401804,air,kg,2016
FRCC,Methanol,1.521668626233526e-05,air,kg,2016
FRCC,Methyl bromide,5.61010119180691e-06,air,kg,2016
FRCC,Methyl hydrazine,5.545194117299484e-06,air,kg,2016
FRCC,Methyl isobutyl ketone,6.731416104745915e-07,air,kg,2016
FRCC,Methyl methacrylate,6.535092636973393e-07,air,kg,2016
FRCC,Methyl tert-butyl ether,1.1436962866930187e-06,air,kg,2016
FRCC,Methylene chloride,2.377279138373999e-05,air,kg,2016
FRCC,Naphthalene,8.397625438560638e-06,air,kg,2016
FRCC,Nickel,1.1293048867103889e-05,air,kg,2016
FRCC,Nickel compounds,4.154171788819298e-06,air,kg,2016
FRCC,Nickel compounds,8.310551914367427e-06,water,kg,2016
FRCC,Nitrate compounds,1.0472362547933992e-05,water,kg,2016
FRCC,Nitrogen dioxide,0.0042165321776164956,air,kg,2016
FRCC,Nitrogen oxides,0.23501917951511234,air,kg,2016
FRCC,Nitrous oxide,0.004287469919626465,air,kg,2016
FRCC,OTH INORGANIC SOLIDS,1.5616608207972293e-06,waste,kg,2016
FRCC,OTH ORGANIC LIQUID,1.7641039514130768e-06,waste,kg,2016
FRCC,OTH ORGANIC SOLIDS,4.390774548523902e-05,waste,kg,2016
FRCC,"PAH/POM, unspecified",4.089513705548496e-09,air,kg,2016
FRCC,PAINT THINNER,6.6459827763431896e-06,waste,kg,2016
FRCC,"PAINT, INK, ETC.",1.4295614439724596e-05,waste,kg,2016
FRCC,"Particulate matter, ≤ 10μm",0.04384999943314639,air,kg,2016
FRCC,"Particulate matter, ≤ 2.5μm",0.039886586470755235,air,kg,2016
FRCC,Pentachlorophenol,1.8040195160719053e-09,air,kg,2016
FRCC,Phenanthrene,1.5736415343041484e-08,air,kg,2016
FRCC,Phenol,4.0120480498850825e-06,air,kg,2016
FRCC,Phosphorus,7.258348733035284e-07,air,kg,2016
FRCC,Polycyclic aromatic hydrocarbons,3.4184872152611626e-06,air,kg,2016
FRCC,Propionaldehyde,1.4135273297080897e-05,air,kg,2016
FRCC,Propylene oxide,4.379380497821045e-05,air,kg,2016
FRCC,Pyrene,4.024158550300901e-09,air,kg,2016
FRCC,SELENIUM,0.00018368707152945722,waste,kg,2016
FRCC,SILVER,2.9348274828053914e-08,waste,kg,2016
FRCC,SPENT FILTERS,0.00038446135418710055,waste,kg,2016
FRCC,Selenium,2.434704899743377e-05,air,kg,2016
FRCC,Steam,421.92253773267674,output,MJ,2016
FRCC,Styrene,6.74951425566657e-05,air,kg,2016
FRCC,Sulfur dioxide,0.14163363692479322,air,kg,2016
FRCC,Sulfuric acid,0.004474804547587555,air,kg,2016
FRCC,TETRACHLOROETHYLENE,8.537689525872008e-05,waste,kg,2016
FRCC,"THE FOLLOWING SPENT NONHALOGENATED SOLVENTS: TOLUENE, METHYL ETHYL KETONE, CARBON DISULFIDE, ISOBUTANOL, PYRIDINE, BENZENE, 2-ETHOXYETHANOL, AND 2-NITROPROPANE; ALL SPENT SOLVENT MIXTURES/BLENDS CONTAINING, BEFORE USE, A TOTAL OF TEN PERCENT OR MORE (BY VOLUME) OF ONE OR MORE OF THE ABOVE NONHALOGENATED SOLVENTS OR THOSE SOLVENTS LISTED IN F001, F002, OR F004; AND STILL BOTTOMS FROM THE RECOVERY OF THESE SPENT SOLVENTS AND SPENT SOLVENT MIXTURES.",9.638422498175084e-07,waste,kg,2016
FRCC,TRICHLORETHYLENE,4.394222569883482e-08,waste,kg,2016
FRCC,Tetrachloroethylene,4.924065876716677e-06,air,kg,2016
FRCC,Thallium compounds,4.2659241006898044e-08,air,kg,2016
FRCC,Toluene,0.0003115083139401396,air,kg,2016
FRCC,Tribromomethane,1.2740627065334559e-06,air,kg,2016
FRCC,Trichloroethylene,2.3865929825917333e-06,air,kg,2016
FRCC,Vanadium compounds,5.82201779880177e-06,air,kg,2016
FRCC,Vanadium compounds,5.30834916288844e-07,water,kg,2016
FRCC,Vinyl acetate,2.4435284075724065e-07,air,kg,2016
FRCC,Vinyl chloride,2.283785900264705e-06,air,kg,2016
FRCC,Volatile organic compounds,0.006882336860042955,air,kg,2016
FRCC,Xylene,9.337076892244565e-05,air,kg,2016
FRCC,Zinc compounds,1.7965142056668717e-05,air,kg,2016
FRCC,Zinc compounds,3.7687675325643003e-06,water,kg,2016
FRCC,m-Xylene,1.209213072150418e-10,air,kg,2016
FRCC,o-Xylene,1.4724173427242006e-05,air,kg,2016
FRCC,p-Dichlorobenzene,6.755893981490445e-09,air,kg,2016
FRCC,p-Nitrophenol,3.843026648891304e-09,air,kg,2016
HIMS,Ammonia,0.01689261656601563,air,kg,2016
HIMS,Antimony,1.6437409894666012e-05,air,kg,2016
HIMS,Arsenic,4.131913624502319e-06,air,kg,2016
HIMS,Benz[a]anthracene,2.236776954293767e-10,air,kg,2016
HIMS,Benzene,0.00034061214021141156,air,kg,2016
HIMS,Benzo[ghi]perylene,7.284028698420625e-07,air,kg,2016
HIMS,Beryllium,8.573237317610117e-08,air,kg,2016
HIMS,Cadmium,1.2505323606138064e-06,air,kg,2016
HIMS,Carbon dioxide,495.2776535508186,air,kg,2016
HIMS,Carbon monoxide,0.20183556653688514,air,kg,2016
HIMS,Chromium(III),1.8693524978247623e-06,air,kg,2016
HIMS,Chromium(VI),7.735251715136947e-07,air,kg,2016
HIMS,Chrysene,2.0111654459356063e-09,air,kg,2016
HIMS,Cobalt,1.8886906271126044e-05,air,kg,2016
HIMS,Cyclohexane,2.2303309111978198e-05,air,kg,2016
HIMS,Dioxins,4.641151029082168e-11,air,kg,2016
HIMS,Ethylbenzene,1.5341582568354945e-06,air,kg,2016
HIMS,Fluoranthene,2.1014100492788705e-08,air,kg,2016
HIMS,Formaldehyde,0.0015817242534448002,air,kg,2016
HIMS,Heat,10374.36676429502,input,MJ,2016
HIMS,Hexane,0.00013550678415007864,air,kg,2016
HIMS,Lead,4.5186762102591663e-05,air,kg,2016
HIMS,Lead compounds,2.874935220792565e-05,air,kg,2016
HIMS,Manganese,9.411222920083285e-06,air,kg,2016
HIMS,Mercury,3.5453237027711006e-07,air,kg,2016
HIMS,Methane,0.04098783318848769,air,kg,2016
HIMS,Naphthalene,9.353401913512636e-05,air,kg,2016
HIMS,Nickel,0.0002646945122532,air,kg,2016
HIMS,Nitrogen dioxide,0.013578576889527124,air,kg,2016
HIMS,Nitrogen oxides,3.2009657979210537,air,kg,2016
HIMS,Nitrous oxide,0.00657471252555734,air,kg,2016
HIMS,"Particulate matter, ≤ 10μm",0.1408135039547165,air,kg,2016
HIMS,"Particulate matter, ≤ 2.5μm",0.11934750103226915,air,kg,2016
HIMS,Phosphorus,2.9651798241358295e-05,air,kg,2016
HIMS,Polycyclic aromatic hydrocarbons,2.327021557637032e-05,air,kg,2016
HIMS,Selenium,2.1400863078545555e-06,air,kg,2016
HIMS,Steam,782.5974560206079,output,MJ,2016
HIMS,Sulfur dioxide,1.9348702588636337,air,kg,2016
HIMS,Sulfuric acid,0.09023312422971912,air,kg,2016
HIMS,Toluene,9.024460334326437e-06,air,kg,2016
HIMS,Volatile organic compounds,0.03393413543833903,air,kg,2016
HIMS,Xylene,4.989237356263331e-06,air,kg,2016
HIOA,Ammonia,0.020784139052634674,air,kg,2016
HIOA,Antimony,3.630353303030763e-05,air,kg,2016
HIOA,Arsenic,9.226942615399382e-06,air,kg,2016
HIOA,Barium compounds,8.081840564619556e-06,air,kg,2016
HIOA,Benz[a]anthracene,2.57883521223944e-11,air,kg,2016
HIOA,Benzene,5.386366601700403e-06,air,kg,2016
HIOA,Benzo[a]pyrene,3.7174737495705954e-11,air,kg,2016
HIOA,Benzo[ghi]perylene,2.6465552705300598e-08,air,kg,2016
HIOA,Beryllium,2.7743722007208886e-07,air,kg,2016
HIOA,Cadmium,3.169819431397568e-06,air,kg,2016
HIOA,Carbon dioxide,753.7047244399658,air,kg,2016
HIOA,Carbon monoxide,0.14285221948937893,air,kg,2016
HIOA,Chromium(III),4.278429483073828e-06,air,kg,2016
HIOA,Chromium(VI),1.7479621063370704e-06,air,kg,2016
HIOA,Chrysene,4.025180594383659e-11,air,kg,2016
HIOA,Cobalt,4.156893095073393e-05,air,kg,2016
HIOA,Dioxins,3.6164445496145466e-11,air,kg,2016
HIOA,Fluoranthene,8.185632747957857e-11,air,kg,2016
HIOA,Formaldehyde,2.9624563795107368e-05,air,kg,2016
HIOA,Heat,10966.147115908914,input,MJ,2016
HIOA,Hydrochloric acid,0.0035788524027310525,air,kg,2016
HIOA,Hydrofluoric acid,3.9046475168489495e-05,air,kg,2016
HIOA,Lead,4.276333333930263e-05,air,kg,2016
HIOA,Lead compounds,2.4670896236813008e-05,air,kg,2016
HIOA,Lead compounds,3.44329311375246e-07,water,kg,2016
HIOA,Manganese,2.3555313941323127e-05,air,kg,2016
HIOA,Manganese compounds,2.840130017540722e-06,air,kg,2016
HIOA,Mercury,2.3078586159773624e-06,air,kg,2016
HIOA,Mercury compounds,1.6511455858193635e-07,air,kg,2016
HIOA,Mercury compounds,6.623316331483605e-09,water,kg,2016
HIOA,Methane,0.08198537338577741,air,kg,2016
HIOA,Naphthalene,3.7577346123217643e-06,air,kg,2016
HIOA,Nickel,0.0013181250256805754,air,kg,2016
HIOA,Nickel compounds,0.0009934406388502415,air,kg,2016
HIOA,Nickel compounds,6.623316331483605e-08,water,kg,2016
HIOA,Nitrogen oxides,1.5287497633896583,air,kg,2016
HIOA,Nitrous oxide,0.012481285066304419,air,kg,2016
HIOA,"PAH/POM, unspecified",9.416773376844398e-08,air,kg,2016
HIOA,"Particulate matter, ≤ 10μm",0.1700682071348974,air,kg,2016
HIOA,"Particulate matter, ≤ 2.5μm",0.15225911210095355,air,kg,2016
HIOA,Phosphorus,6.533250314423682e-05,air,kg,2016
HIOA,Polycyclic aromatic hydrocarbons,6.82423283107882e-06,air,kg,2016
HIOA,Selenium,4.718073662908301e-06,air,kg,2016
HIOA,Steam,377.398335612239,output,MJ,2016
HIOA,Sulfur dioxide,3.9181892703235865,air,kg,2016
HIOA,Sulfuric acid,0.04304908280325187,air,kg,2016
HIOA,Vanadium compounds,1.7959645699154569e-06,air,kg,2016
HIOA,Volatile organic compounds,0.009049646613299983,air,kg,2016
HIOA,Zinc compounds,2.4433471474431215e-06,air,kg,2016
MROE,"1,1,1-Trichloroethane",1.2852420017599497e-07,air,kg,2016
MROE,"1,2-Dibromo-3-chloropropane",1.194822966460255e-07,air,kg,2016
MROE,"1,2-Dichloroethane",7.168937798761529e-06,air,kg,2016
MROE,"1,3-Butadiene",1.8096627886620737e-07,air,kg,2016
MROE,"2,4-Dinitrotoluene",5.496185645717172e-08,air,kg,2016
MROE,2-Chloroacetophenone,1.3756610370596447e-06,air,kg,2016
MROE,Acenaphthene,3.2809192808746455e-09,air,kg,2016
MROE,Acenaphthylene,4.97950544400463e-10,air,kg,2016
MROE,Acetaldehyde,0.0001234262122896565,air,kg,2016
MROE,Acetophenone,2.9386186472400857e-06,air,kg,2016
MROE,Acrolein,5.525200100003726e-05,air,kg,2016
MROE,Acrylonitrile,0.00011863081941210243,air,kg,2016
MROE,Ammonia,0.0027302139349888073,air,kg,2016
MROE,Ammonia,1.7890984387909138e-06,water,kg,2016
MROE,Anthracene,6.781427647477122e-11,air,kg,2016
MROE,Antimony,4.695331333062731e-06,air,kg,2016
MROE,Arsenic,1.9470488927387856e-06,air,kg,2016
MROE,Barium compounds,6.743844144701147e-05,air,kg,2016
MROE,Barium compounds,0.0033599526220793523,ground,kg,2016
MROE,Barium compounds,8.405546857240796e-05,water,kg,2016
MROE,Benz[a]anthracene,6.10328488272941e-10,air,kg,2016
MROE,Benzene,0.0002337025211493577,air,kg,2016
MROE,Benzo[a]pyrene,3.629678417030612e-12,air,kg,2016
MROE,Benzo[ghi]perylene,6.5876725718349186e-09,air,kg,2016
MROE,Benzofluoranthene,7.039767748333393e-10,air,kg,2016
MROE,Benzyl chloride,0.0001251031313904058,air,kg,2016
MROE,Beryllium,3.2873777833960526e-07,air,kg,2016
MROE,Biphenyl,3.3325873010459e-07,air,kg,2016
MROE,CHROMIUM,0.5168849950148442,waste,kg,2016
MROE,Cadmium,9.887418830341212e-07,air,kg,2016
MROE,Carbon dioxide,758.8883989000906,air,kg,2016
MROE,Carbon disulfide,2.551108495955679e-05,air,kg,2016
MROE,Carbon monoxide,0.3628606839087146,air,kg,2016
MROE,Chlorobenzene,4.301362679256917e-06,air,kg,2016
MROE,Chloroethane,8.202298202186614e-06,air,kg,2016
MROE,Chloroform,1.0527359109893055e-05,air,kg,2016
MROE,Chloromethane,0.00010398576569616205,air,kg,2016
MROE,Chromium compounds,1.9950063984437696e-05,air,kg,2016
MROE,Chromium compounds,3.5134253716452896e-05,ground,kg,2016
MROE,Chromium compounds,2.0236522645720156e-06,water,kg,2016
MROE,Chromium(III),4.1528171212645616e-05,air,kg,2016
MROE,Chromium(VI),4.43699123220646e-06,air,kg,2016
MROE,Chrysene,2.6802785463838148e-11,air,kg,2016
MROE,Cobalt,1.0527359109893055e-05,air,kg,2016
MROE,Copper compounds,4.1528171212645615e-06,air,kg,2016
MROE,Copper compounds,3.739472959894527e-05,ground,kg,2016
MROE,Copper compounds,9.49399870646797e-06,water,kg,2016
MROE,Cumene,1.039818905946492e-06,air,kg,2016
MROE,Cyanide,0.0004467966210299126,air,kg,2016
MROE,Di(2-ethylhexyl) phthalate,1.4337875597523059e-05,air,kg,2016
MROE,Dimethyl sulfate,8.58980835347102e-06,air,kg,2016
MROE,Dioxins,1.4208705547094922e-10,air,kg,2016
MROE,Ethylbenzene,2.200549341346232e-05,air,kg,2016
MROE,Ethylene dibromide,2.3508949177920687e-07,air,kg,2016
MROE,Fluoranthene,7.298107849189665e-10,air,kg,2016
MROE,Fluorene,5.851403284394545e-10,air,kg,2016
MROE,Formaldehyde,0.04091348177268477,air,kg,2016
MROE,Heat,10364.268658923658,input,MJ,2016
MROE,Hexane,1.3110760118455768e-05,air,kg,2016
MROE,Hydrochloric acid,0.0017029140926555315,air,kg,2016
MROE,Hydrofluoric acid,0.0018142676310421615,air,kg,2016
MROE,IGNITABLE WASTE,0.0005007419091902149,waste,kg,2016
MROE,"Indeno[1,2,3-cd]pyrene",3.920311030493917e-10,air,kg,2016
MROE,Isophorone,0.00011365349812045586,air,kg,2016
MROE,Lead,6.032241354993935e-06,air,kg,2016
MROE,Lead compounds,5.894476913534234e-06,air,kg,2016
MROE,Lead compounds,1.9827602740718822e-05,ground,kg,2016
MROE,Lead compounds,6.587886669372087e-07,water,kg,2016
MROE,Manganese,8.021783056713295e-05,air,kg,2016
MROE,Manganese compounds,4.5176913847638115e-05,air,kg,2016
MROE,Manganese compounds,4.314279684299731e-05,ground,kg,2016
MROE,Manganese compounds,2.447836621343895e-05,water,kg,2016
MROE,Mercury,1.6469181429587297e-06,air,kg,2016
MROE,Mercury compounds,7.21151590954948e-07,air,kg,2016
MROE,Mercury compounds,4.462825242292087e-07,ground,kg,2016
MROE,Mercury compounds,7.694194608046133e-09,water,kg,2016
MROE,Methane,0.06953950647703787,air,kg,2016
MROE,Methyl bromide,2.9579941548043066e-05,air,kg,2016
MROE,Methyl hydrazine,3.0354961850611875e-05,air,kg,2016
MROE,Methyl methacrylate,3.933228035536731e-06,air,kg,2016
MROE,Methyl tert-butyl ether,6.8460126726911895e-06,air,kg,2016
MROE,Methylene chloride,5.6963992238807824e-05,air,kg,2016
MROE,Naphthalene,1.5168545666131663e-06,air,kg,2016
MROE,Nickel,9.12127655887439e-05,air,kg,2016
MROE,Nickel compounds,1.969443220251289e-07,air,kg,2016
MROE,Nickel compounds,2.1409753716925303e-09,water,kg,2016
MROE,Nitrogen oxides,0.44190848609326167,air,kg,2016
MROE,Nitrous oxide,0.011401127825897835,air,kg,2016
MROE,"Particulate matter, ≤ 10μm",0.06744607714442742,air,kg,2016
MROE,"Particulate matter, ≤ 2.5μm",0.02211581843659409,air,kg,2016
MROE,Phenanthrene,4.856793896097901e-09,air,kg,2016
MROE,Phenol,3.1388322254036966e-06,air,kg,2016
MROE,Polycyclic aromatic hydrocarbons,6.368083486107087e-10,air,kg,2016
MROE,Propionaldehyde,7.465253894443672e-05,air,kg,2016
MROE,Propylene oxide,2.81731593234891e-08,air,kg,2016
MROE,Pyrene,5.94182231969424e-10,air,kg,2016
MROE,Selenium,9.391437686428031e-05,air,kg,2016
MROE,Steam,1742.8182298826769,output,MJ,2016
MROE,Styrene,4.902003413747748e-06,air,kg,2016
MROE,Sulfur dioxide,0.5701158317446371,air,kg,2016
MROE,Sulfuric acid,0.0037861879544821148,air,kg,2016
MROE,Tetrachloroethylene,8.460638303042885e-06,air,kg,2016
MROE,Toluene,6.16802798139784e-05,air,kg,2016
MROE,Tribromomethane,7.621032975260004e-06,air,kg,2016
MROE,Vanadium compounds,3.542269457763996e-06,air,kg,2016
MROE,Vanadium compounds,3.7846824775443746e-05,ground,kg,2016
MROE,Vanadium compounds,2.403559096315188e-06,water,kg,2016
MROE,Vinyl acetate,1.4919140824449666e-06,air,kg,2016
MROE,Vinyl chloride,0.00036901915016560076,air,kg,2016
MROE,Volatile organic compounds,0.10724634603055402,air,kg,2016
MROE,Xylene,1.445160962875273e-05,air,kg,2016
MROE,Zinc compounds,1.2206569765458819e-05,air,kg,2016
MROE,Zinc compounds,5.903071304565799e-05,ground,kg,2016
MROE,Zinc compounds,1.698586163129984e-05,water,kg,2016
MROW,"1,1,1-Trichloroethane",4.152643284355345e-06,air,kg,2016
MROW,"1,1,2,2-Tetrachloroethane",1.5940348325940826e-14,air,kg,2016
MROW,"1,1,2-Trichloroethane",5.167162394389403e-13,air,kg,2016
MROW,"1,2,4-Trimethylbenzene",2.735817763027861e-07,air,kg,2016
MROW,"1,2-Dichloroethane",8.106576189939236e-06,air,kg,2016
MROW,"1,2-Dichloropropane",3.1690960979499576e-06,air,kg,2016
MROW,"1,3-Butadiene",8.438488385284467e-07,air,kg,2016
MROW,"1,3-Dichloropropene",1.5940348325940826e-14,air,kg,2016
MROW,1-Methylnaphthalene,8.83660182837909e-08,air,kg,2016
MROW,"2,2,4-Trimethylpentane",4.397485399368265e-08,air,kg,2016
MROW,"2,4-Dinitrophenol",1.7257575135846742e-08,air,kg,2016
MROW,"2,4-Dinitrotoluene",4.557522787910309e-08,air,kg,2016
MROW,"2,4-Toluenediamine",2.503879455564998e-16,air,kg,2016
MROW,2-Chloroacetophenone,1.2487439876949855e-06,air,kg,2016
MROW,2-Methylnaphthalene,3.600870629386855e-06,air,kg,2016
MROW,3-Methylcholanthrene,1.3494592434202934e-12,air,kg,2016
MROW,5-Methylchrysene,8.945452856377259e-10,air,kg,2016
MROW,Acenaphthene,1.8627959933586918e-07,air,kg,2016
MROW,Acenaphthylene,7.183669676690676e-07,air,kg,2016
MROW,Acetaldehyde,0.0001700202561555491,air,kg,2016
MROW,Acetonitrile,5.234425893423248e-07,air,kg,2016
MROW,Acetophenone,2.661895726807386e-06,air,kg,2016
MROW,Acrolein,0.0001802403196936031,air,kg,2016
MROW,Acrylonitrile,3.8796953248333436e-07,air,kg,2016
MROW,Ammonia,0.00684773182208831,air,kg,2016
MROW,Ammonia,1.4285291209644511e-06,ground,kg,2016
MROW,Ammonia,0.00010968678839428965,water,kg,2016
MROW,Aniline,2.0294601903000507e-07,air,kg,2016
MROW,Anthracene,4.232423710126545e-08,air,kg,2016
MROW,Antimony,4.689059940678025e-06,air,kg,2016
MROW,Antimony compounds,2.8570582419289022e-06,air,kg,2016
MROW,Arsenic,2.228474135304857e-05,air,kg,2016
MROW,Arsenic compounds,7.169002230670309e-06,air,kg,2016
MROW,Arsenic compounds,3.6846562935577545e-06,ground,kg,2016
MROW,Arsenic compounds,2.092716092335377e-07,water,kg,2016
MROW,BARIUM,9.875920328610113e-07,waste,kg,2016
MROW,"BENZENE, METHYL- (OR) TOLUENE",1.1104014048230022e-06,waste,kg,2016
MROW,Barium,1.3705445440987355e-06,air,kg,2016
MROW,Barium,2.6251199344660394e-06,water,kg,2016
MROW,Barium compounds,0.00047646340649765986,air,kg,2016
MROW,Barium compounds,0.0007037226939452851,ground,kg,2016
MROW,Barium compounds,2.187599945388366e-05,water,kg,2016
MROW,Benz[a]anthracene,1.0800088930949605e-08,air,kg,2016
MROW,Benzene,0.000357396031480354,air,kg,2016
MROW,Benzidine,9.857378067171674e-08,air,kg,2016
MROW,Benzo(b)fluoranthene,2.3901619384130843e-08,air,kg,2016
MROW,Benzo[a]pyrene,6.884492047750943e-09,air,kg,2016
MROW,Benzo[e]pyrene,4.410529730717121e-08,air,kg,2016
MROW,Benzo[ghi]perylene,7.797944025005763e-08,air,kg,2016
MROW,Benzo[j]fluoranthene,1.3494592434202934e-12,air,kg,2016
MROW,Benzo[k]fluoranthene,2.9027128389846664e-09,air,kg,2016
MROW,Benzyl chloride,0.00012532002855280113,air,kg,2016
MROW,Beryllium,4.281056048344038e-06,air,kg,2016
MROW,Beryllium compounds,5.693031183179363e-08,air,kg,2016
MROW,Biphenyl,2.374470669533967e-06,air,kg,2016
MROW,CADMIUM,9.875920328610114e-06,waste,kg,2016
MROW,CHROMIUM,7.906987754415781e-06,waste,kg,2016
MROW,COMPRESSED GAS,0.008460918523261498,waste,kg,2016
MROW,CORROSIVE WASTE,0.0007189697037389109,waste,kg,2016
MROW,Cadmium,1.5268491523873513e-06,air,kg,2016
MROW,Carbon dioxide,559.9722559220107,air,kg,2016
MROW,Carbon disulfide,2.3281373078820224e-05,air,kg,2016
MROW,Carbon monoxide,0.23623762894598585,air,kg,2016
MROW,Carbon tetrachloride,1.3430901190687432e-06,air,kg,2016
MROW,Carbonyl sulfide,2.904500168455397e-07,air,kg,2016
MROW,Catechol,5.107914089352596e-06,air,kg,2016
MROW,Chlorine,0.0004154037253398755,air,kg,2016
MROW,Chlorobenzene,7.0899166565488e-06,air,kg,2016
MROW,Chloroethane,1.779849494293367e-05,air,kg,2016
MROW,Chloroform,1.1997479162664693e-05,air,kg,2016
MROW,Chloromethane,9.644344696494674e-05,air,kg,2016
MROW,Chromium,4.0167497792432166e-08,air,kg,2016
MROW,Chromium,7.854274502719676e-07,water,kg,2016
MROW,Chromium compounds,9.435672053602834e-06,air,kg,2016
MROW,Chromium compounds,1.628839477409651e-06,ground,kg,2016
MROW,Chromium compounds,1.9240336869078403e-07,water,kg,2016
MROW,Chromium(III),2.6220084948278622e-05,air,kg,2016
MROW,Chromium(VI),6.034983165784398e-06,air,kg,2016
MROW,Chrysene,8.455252895019206e-08,air,kg,2016
MROW,Cobalt,6.1464659885063125e-06,air,kg,2016
MROW,Cobalt compounds,2.6567478854837027e-06,air,kg,2016
MROW,Cobalt compounds,3.800625447289186e-08,water,kg,2016
MROW,Copper compounds,1.133334911466262e-05,air,kg,2016
MROW,Copper compounds,5.956597441659889e-07,ground,kg,2016
MROW,Copper compounds,2.3035690991197977e-06,water,kg,2016
MROW,Cresol,3.505431237790997e-08,air,kg,2016
MROW,Cumene,9.64023489626455e-07,air,kg,2016
MROW,Cyanide,0.00032889206062191114,air,kg,2016
MROW,DRIED PAINT,1.8344211590244612e-05,waste,kg,2016
MROW,Di(2-ethylhexyl) phthalate,1.2546601096545304e-05,air,kg,2016
MROW,"Dibenz[a,h]anthracene",1.016337681834209e-12,air,kg,2016
MROW,Diisocyanates,0.009495031414755184,air,kg,2016
MROW,Dimethyl sulfate,8.835390091733454e-06,air,kg,2016
MROW,Dioxins,6.243433139350895e-10,air,kg,2016
MROW,Ethylbenzene,4.9255525672155126e-05,air,kg,2016
MROW,Ethylene,4.564967596882711e-05,air,kg,2016
MROW,Ethylene dibromide,7.440287741886929e-07,air,kg,2016
MROW,Ethylene glycol,4.0452309226462644e-05,air,kg,2016
MROW,Fluoranthene,2.6564677854156524e-07,air,kg,2016
MROW,Fluorene,8.594348952016011e-07,air,kg,2016
MROW,Formaldehyde,0.0035929621038042455,air,kg,2016
MROW,Formic acid,1.233490089688862e-07,air,kg,2016
MROW,"HYDRAZINE (R,T)",2.8096163154024077e-05,waste,kg,2016
MROW,Heat,10521.555633799224,input,MJ,2016
MROW,Hexachlorobenzene,2.756903063706303e-09,air,kg,2016
MROW,Hexane,4.9769085604759966e-05,air,kg,2016
MROW,Hydrazine,5.007758911129996e-16,air,kg,2016
MROW,Hydrochloric acid,0.004193156925004443,air,kg,2016
MROW,Hydrofluoric acid,0.0029505143692061643,air,kg,2016
MROW,Hydrogen cyanide,1.9029483862293983e-08,air,kg,2016
MROW,Hydrogen sulfide,5.0815574635045426e-05,air,kg,2016
MROW,IGNITABLE WASTE,3.972472647244101,waste,kg,2016
MROW,"Indeno[1,2,3-cd]pyrene",5.186124157807539e-09,air,kg,2016
MROW,Isophorone,0.000103858927239905,air,kg,2016
MROW,LAB PACKS/NO ACUTE,2.468980082152528e-07,waste,kg,2016
MROW,LEAD,0.00041660215349461087,waste,kg,2016
MROW,Lead,2.478080336039364e-05,air,kg,2016
MROW,Lead,6.536443210317046e-08,water,kg,2016
MROW,Lead compounds,2.1495995526214463e-05,air,kg,2016
MROW,Lead compounds,1.3713220849025322e-05,ground,kg,2016
MROW,Lead compounds,8.539546774769044e-07,water,kg,2016
MROW,MERCURY,1.7270067932154989e-07,waste,kg,2016
MROW,METAL BEARING SLUDGE,1.750079956310693e-05,waste,kg,2016
MROW,Manganese,6.085522871794683e-05,air,kg,2016
MROW,Manganese compounds,4.877092198888931e-05,air,kg,2016
MROW,Manganese compounds,0.0004645752475063171,ground,kg,2016
MROW,Manganese compounds,1.3125599672330197e-05,water,kg,2016
MROW,Mercury,4.5117126521288245e-06,air,kg,2016
MROW,Mercury,1.6657387535969245e-08,ground,kg,2016
MROW,Mercury,1.354730568589904e-09,water,kg,2016
MROW,Mercury compounds,4.179503854390199e-06,air,kg,2016
MROW,Mercury compounds,2.9179621079780664e-07,ground,kg,2016
MROW,Mercury compounds,1.984791530006682e-08,water,kg,2016
MROW,Methane,0.05146586280399382,air,kg,2016
MROW,Methanol,0.0007170826830528898,air,kg,2016
MROW,Methyl bromide,3.0329479357004093e-05,air,kg,2016
MROW,Methyl hydrazine,3.016082628253037e-05,air,kg,2016
MROW,Methyl isobutyl ketone,2.8053404394650484e-05,air,kg,2016
MROW,Methyl methacrylate,3.5347441073241445e-06,air,kg,2016
MROW,Methyl tert-butyl ether,6.243753351578948e-06,air,kg,2016
MROW,Methylene chloride,7.968552760917006e-05,air,kg,2016
MROW,Naphthalene,2.543248189120186e-05,air,kg,2016
MROW,Nickel,2.1822223050273664e-05,air,kg,2016
MROW,Nickel compounds,6.589156462013152e-06,air,kg,2016
MROW,Nickel compounds,5.956597441659889e-07,ground,kg,2016
MROW,Nickel compounds,4.517525670356217e-08,water,kg,2016
MROW,Nitrogen dioxide,0.011396385476150435,air,kg,2016
MROW,Nitrogen oxides,0.4683063991539488,air,kg,2016
MROW,Nitrous oxide,0.00912022961608483,air,kg,2016
MROW,OTH INORGANIC SOLIDS,0.00028379608402123306,waste,kg,2016
MROW,OTH ORGANIC LIQUID,0.005358581730424004,waste,kg,2016
MROW,"PAH/POM, unspecified",6.178885199716051e-08,air,kg,2016
MROW,"PAINT, INK, ETC.",0.13397851372333858,waste,kg,2016
MROW,"Particulate matter, ≤ 10μm",0.05563257120207247,air,kg,2016
MROW,"Particulate matter, ≤ 2.5μm",0.03956756441487802,air,kg,2016
MROW,Pentachlorophenol,4.932575579872613e-09,air,kg,2016
MROW,Phenanthrene,1.7593252446864524e-06,air,kg,2016
MROW,Phenol,3.779998759380763e-05,air,kg,2016
MROW,Phenol,9.488385305298938e-09,water,kg,2016
MROW,Phosphorus,2.761447017619657e-07,air,kg,2016
MROW,Polycyclic aromatic hydrocarbons,1.4878028815532831e-06,air,kg,2016
MROW,Propionaldehyde,7.419397499857996e-05,air,kg,2016
MROW,Propylene,5.383551682471529e-05,air,kg,2016
MROW,Propylene oxide,2.2349367639600187e-06,air,kg,2016
MROW,Pyrene,2.1024893922083182e-07,air,kg,2016
MROW,Pyridine,4.754735302988691e-09,air,kg,2016
MROW,SPENT ACID,7.66650990017815e-05,waste,kg,2016
MROW,Selenium,7.893590493548064e-05,air,kg,2016
MROW,Selenium compounds,2.0663594664873243e-06,air,kg,2016
MROW,Selenium compounds,4.754735302988691e-09,water,kg,2016
MROW,Steam,543.0969202063055,output,MJ,2016
MROW,Styrene,0.0001870699476733957,air,kg,2016
MROW,Sulfur dioxide,0.6263643480199481,air,kg,2016
MROW,Sulfuric acid,0.0014361857207733106,air,kg,2016
MROW,"THE FOLLOWING SPENT NONHALOGENATED SOLVENTS: TOLUENE, METHYL ETHYL KETONE, CARBON DISULFIDE, ISOBUTANOL, PYRIDINE, BENZENE, 2-ETHOXYETHANOL, AND 2-NITROPROPANE; ALL SPENT SOLVENT MIXTURES/BLENDS CONTAINING, BEFORE USE, A TOTAL OF TEN PERCENT OR MORE (BY VOLUME) OF ONE OR MORE OF THE ABOVE NONHALOGENATED SOLVENTS OR THOSE SOLVENTS LISTED IN F001, F002, OR F004; AND STILL BOTTOMS FROM THE RECOVERY OF THESE SPENT SOLVENTS AND SPENT SOLVENT MIXTURES.",0.014101530872102497,waste,kg,2016
MROW,Tetrachloroethylene,1.1321600294366025e-05,air,kg,2016
MROW,Toluene,0.0002711473767160027,air,kg,2016
MROW,Tribromomethane,6.984345097438027e-06,air,kg,2016
MROW,Trichloroethylene,2.8810748962051245e-06,air,kg,2016
MROW,Vanadium compounds,1.3600018937595145e-05,air,kg,2016
MROW,Vanadium compounds,2.5249647562434394e-06,ground,kg,2016
MROW,Vanadium compounds,2.2824837984413558e-07,water,kg,2016
MROW,Vinyl acetate,1.354571448335443e-06,air,kg,2016
MROW,Vinyl chloride,1.7302078006420477e-06,air,kg,2016
MROW,Volatile organic compounds,0.02125960044259551,air,kg,2016
MROW,Xylene,0.00011355241662605887,air,kg,2016
MROW,Zinc compounds,0.0005078809277209102,air,kg,2016
MROW,Zinc compounds,0.001141243511314393,ground,kg,2016
MROW,Zinc compounds,1.5960672903778987e-06,water,kg,2016
MROW,m-Xylene,1.007926992450298e-07,air,kg,2016
MROW,o-Xylene,2.460841725768885e-06,air,kg,2016
MROW,p-Nitrophenol,1.0521969317900587e-08,air,kg,2016
NEWE,"1,1,1-Trichloroethane",3.605949647405938e-06,air,kg,2016
NEWE,"1,1,2,2-Tetrachloroethane",2.1730745223556172e-07,air,kg,2016
NEWE,"1,1-Dichloroethane",5.576418345908723e-07,air,kg,2016
NEWE,"1,1-Dichloroethylene",2.484685208580196e-08,air,kg,2016
NEWE,"1,2-Dichloroethane",2.761008640292682e-06,air,kg,2016
NEWE,"1,2-Dichloropropane",3.7229276722620758e-06,air,kg,2016
NEWE,"1,3-Butadiene",7.160679367358537e-07,air,kg,2016
NEWE,"2,2,4-Trimethylpentane",5.625487157565222e-12,air,kg,2016
NEWE,"2,4,6-Trichlorophenol",1.6154553996379494e-09,air,kg,2016
NEWE,"2,4-Dinitrophenol",2.0172691792433275e-08,air,kg,2016
NEWE,"2,4-Dinitrotoluene",1.621052496687349e-09,air,kg,2016
NEWE,"2-BUTANONE, PEROXIDE (R,T) (OR) METHYL ETHYL KETONE PEROXIDE (R,T)",2.1037663662896966e-08,waste,kg,2016
NEWE,2-Chloroacetophenone,4.0340991211050274e-08,air,kg,2016
NEWE,2-Chloronaphthalene,8.774300901586831e-11,air,kg,2016
NEWE,2-Methylnaphthalene,6.598568539196442e-09,air,kg,2016
NEWE,2-PROPANONE (I) (OR) ACETONE (I),1.2555715451989086e-06,waste,kg,2016
NEWE,3-Methylcholanthrene,2.97991121683043e-11,air,kg,2016
NEWE,"7,12-Dimethylbenz[a]anthracene",2.643489783242633e-10,air,kg,2016
NEWE,ASH,0.003940780607204155,waste,kg,2016
NEWE,Acenaphthene,3.58624893933785e-08,air,kg,2016
NEWE,Acenaphthylene,1.8886877260183283e-07,air,kg,2016
NEWE,Acetaldehyde,0.00026430670106667375,air,kg,2016
NEWE,Acetaldehyde,1.218586389606082e-05,water,kg,2016
NEWE,Acetophenone,8.701407479797642e-08,air,kg,2016
NEWE,Acrolein,0.00031317895402731597,air,kg,2016
NEWE,Acrylonitrile,3.1407077058950994e-07,air,kg,2016
NEWE,Ammonia,0.006881708110458511,air,kg,2016
NEWE,Ammonia,9.832813557445597e-05,water,kg,2016
NEWE,Anthracene,1.1261657035480158e-07,air,kg,2016
NEWE,Antimony,1.1049619637709687e-06,air,kg,2016
NEWE,Arsenic,2.206824781594717e-06,air,kg,2016
NEWE,BARIUM,8.42114571477234e-09,waste,kg,2016
NEWE,Barium compounds,5.4121856028479525e-06,air,kg,2016
NEWE,Benz[a]anthracene,4.10505117984511e-09,air,kg,2016
NEWE,Benzene,0.00037123370315980377,air,kg,2016
NEWE,Benzo(b)fluoranthene,5.705656409647746e-09,air,kg,2016
NEWE,Benzo[a]pyrene,6.29945498994739e-07,air,kg,2016
NEWE,Benzo[e]pyrene,9.430323398901733e-11,air,kg,2016
NEWE,Benzo[ghi]perylene,1.4541614349238533e-08,air,kg,2016
NEWE,Benzo[ghi]perylene,3.1263769335849196e-09,water,kg,2016
NEWE,Benzo[k]fluoranthene,1.9269214909849335e-09,air,kg,2016
NEWE,Benzofluoranthene,4.6845086658640817e-11,air,kg,2016
NEWE,Benzyl chloride,4.109606403560957e-06,air,kg,2016
NEWE,Beryllium,2.406529643762132e-07,air,kg,2016
NEWE,Biphenyl,9.815464223422252e-09,air,kg,2016
NEWE,CADMIUM,1.0303231254241762e-05,waste,kg,2016
NEWE,CERTAIN GLYCOL ETHERS,3.6491251413141492e-06,water,kg,2016
NEWE,CHROMIUM,0.25971171209304056,waste,kg,2016
NEWE,COMPRESSED GAS,6.760927348123153e-05,waste,kg,2016
NEWE,CONT. DEBRIS,0.005567211409640203,waste,kg,2016
NEWE,CORROSIVE WASTE,0.0009538152315740521,waste,kg,2016
NEWE,Cadmium,8.316794691816932e-07,air,kg,2016
NEWE,Carbon dioxide,252.586691237755,air,kg,2016
NEWE,Carbon disulfide,8.477900083147771e-07,air,kg,2016
NEWE,Carbon monoxide,0.19510246445510626,air,kg,2016
NEWE,Carbon tetrachloride,3.3785158611717518e-06,air,kg,2016
NEWE,Carbonyl sulfide,9.266317774573008e-07,air,kg,2016
NEWE,Catechol,3.2801124865745165e-06,water,kg,2016
NEWE,Chlorine,5.8439004903358285e-05,air,kg,2016
NEWE,Chlorine dioxide,8.852941598452455e-06,air,kg,2016
NEWE,Chlorobenzene,3.867734583621733e-06,air,kg,2016
NEWE,Chloroethane,6.364189369874471e-05,air,kg,2016
NEWE,Chloroform,2.780148197893987e-06,air,kg,2016
NEWE,Chloromethane,5.362945325162514e-06,air,kg,2016
NEWE,Chromium(III),1.849387981331577e-06,air,kg,2016
NEWE,Chromium(VI),5.781504784305625e-07,air,kg,2016
NEWE,Chrysene,2.839676523733413e-09,air,kg,2016
NEWE,Cobalt,6.231234389671947e-07,air,kg,2016
NEWE,Cresol,0.0001950636154162931,air,kg,2016
NEWE,Cumene,3.06222856799464e-08,air,kg,2016
NEWE,Cyanide,1.4432821237765924e-05,air,kg,2016
NEWE,Di(2-ethylhexyl) phthalate,4.2609140934841816e-07,air,kg,2016
NEWE,"Dibenz[a,h]anthracene",6.260898515899922e-10,air,kg,2016
NEWE,Dibutyl phthalate,2.9256125142533573e-13,air,kg,2016
NEWE,Dimethyl sulfate,2.7648946100594724e-07,air,kg,2016
NEWE,Dioxins,9.896942217314866e-11,air,kg,2016
NEWE,Ethylbenzene,4.6610029213484566e-05,air,kg,2016
NEWE,Ethylene dibromide,1.0353812205584292e-08,air,kg,2016
NEWE,Fluoranthene,8.53382474463408e-09,air,kg,2016
NEWE,Fluorene,1.3013605687039161e-07,air,kg,2016
NEWE,Formaldehyde,0.0010585288511010325,air,kg,2016
NEWE,Formaldehyde,1.976267773161146e-06,water,kg,2016
NEWE,Glycol ethers,3.066905174947173e-08,air,kg,2016
NEWE,"Glycol ethers, subset",2.0828714289748176e-07,air,kg,2016
NEWE,"HYDRAZINE (R,T)",1.1261350699714335e-05,waste,kg,2016
NEWE,Heat,9604.07379951265,input,MJ,2016
NEWE,Hexane,7.257861192262188e-05,air,kg,2016
NEWE,Hydrochloric acid,0.0024552848537428766,air,kg,2016
NEWE,Hydrofluoric acid,0.00040143605986842285,air,kg,2016
NEWE,Hydrogen sulfide,0.00029788833563699455,air,kg,2016
NEWE,Hydrogen sulfide,2.2878784593857253e-06,water,kg,2016
NEWE,IGNITABLE WASTE,5.011814028566687e-05,waste,kg,2016
NEWE,"Indeno[1,2,3-cd]pyrene",4.919797487246975e-09,air,kg,2016
NEWE,Isophorone,3.344276357945663e-06,air,kg,2016
NEWE,LAB PACKS/NO ACUTE,2.955001312187262e-06,waste,kg,2016
NEWE,LEAD,5.946944583524696e-05,waste,kg,2016
NEWE,Lead,7.948888848842957e-06,air,kg,2016
NEWE,Lead compounds,7.523264200517484e-06,air,kg,2016
NEWE,Lead compounds,1.0348303657491406e-05,ground,kg,2016
NEWE,Lead compounds,1.0738824478293292e-05,water,kg,2016
NEWE,MERCURY,7.7336558693701e-05,waste,kg,2016
NEWE,"METHANE, DICHLORO- (OR) METHYLENE CHLORIDE",2.00625780929096e-06,waste,kg,2016
NEWE,Manganese,0.0001009417843726318,air,kg,2016
NEWE,Manganese compounds,8.863388756722194e-05,air,kg,2016
NEWE,Manganese compounds,3.129784931314806e-05,ground,kg,2016
NEWE,Manganese compounds,0.003424485899645784,water,kg,2016
NEWE,Mercury,7.908974689258354e-07,air,kg,2016
NEWE,Mercury compounds,3.200454122215687e-07,air,kg,2016
NEWE,Mercury compounds,1.8585889054625543e-07,ground,kg,2016
NEWE,Mercury compounds,1.041435714487409e-08,water,kg,2016
NEWE,Methane,0.03864421622163391,air,kg,2016
NEWE,Methanol,0.0026127484005696554,air,kg,2016
NEWE,Methanol,0.003075782963397711,water,kg,2016
NEWE,Methyl bromide,2.22113501864444e-06,air,kg,2016
NEWE,Methyl hydrazine,9.810709940028027e-07,air,kg,2016
NEWE,Methyl isobutyl ketone,3.288312767790952e-07,air,kg,2016
NEWE,Methyl methacrylate,1.1529605514523729e-07,air,kg,2016
NEWE,Methyl tert-butyl ether,2.2722412821364096e-07,air,kg,2016
NEWE,Methylene chloride,3.1234267020683565e-05,air,kg,2016
NEWE,NONHALOGEN. SOLVENT,2.743047277715431e-06,waste,kg,2016
NEWE,Naphthalene,1.7813403769039454e-05,air,kg,2016
NEWE,Nickel,7.117908783122351e-06,air,kg,2016
NEWE,Nitrogen dioxide,0.0002958825789194187,air,kg,2016
NEWE,Nitrogen oxides,0.1693985511060522,air,kg,2016
NEWE,Nitrous oxide,0.005075416071857351,air,kg,2016
NEWE,OTH INORGANIC SOLIDS,0.002161602902953508,waste,kg,2016
NEWE,OTH ORGANIC LIQUID,0.00035608487395160607,waste,kg,2016
NEWE,OTH ORGANIC SOLIDS,5.04660717924985e-08,waste,kg,2016
NEWE,OTHER AQUEOUS WST,0.000889688280535073,waste,kg,2016
NEWE,"PAH/POM, unspecified",1.513950598820552e-08,air,kg,2016
NEWE,PAINT THINNER,1.2928917358774848e-06,waste,kg,2016
NEWE,"PAINT, INK, ETC.",1.8939977546220823e-06,waste,kg,2016
NEWE,PHENOL,1.0518831831448482e-07,waste,kg,2016
NEWE,"Particulate matter, ≤ 10μm",0.01743587136993218,air,kg,2016
NEWE,"Particulate matter, ≤ 2.5μm",0.016198205937487935,air,kg,2016
NEWE,Pentachlorophenol,5.7237962890725314e-09,air,kg,2016
NEWE,Perylene,1.8942649609967833e-11,air,kg,2016
NEWE,Phenanthrene,2.6904294650929447e-07,air,kg,2016
NEWE,Phenol,0.00013347527017564564,air,kg,2016
NEWE,Phosphorus,2.5998951838840477e-06,air,kg,2016
NEWE,Polycyclic aromatic hydrocarbons,8.130685895920151e-09,air,kg,2016
NEWE,Propionaldehyde,9.015656761464756e-06,air,kg,2016
NEWE,Propylene oxide,3.220964770747521e-05,air,kg,2016
NEWE,Pyrene,1.3942390380470847e-07,air,kg,2016
NEWE,REACTIVE WASTE,1.2251702971311384e-06,waste,kg,2016
NEWE,SILVER,8.846763187721123e-08,waste,kg,2016
NEWE,SOLID THERMAL RES.,0.0006225988891020184,waste,kg,2016
NEWE,SPENT FILTERS,0.0005981878819628701,waste,kg,2016
NEWE,Selenium,7.496365363071249e-06,air,kg,2016
NEWE,Steam,562.7875373307064,output,MJ,2016
NEWE,Styrene,0.0001490636582655549,air,kg,2016
NEWE,Sulfur dioxide,0.05610418494746062,air,kg,2016
NEWE,Sulfuric acid,0.0025715923404438586,air,kg,2016
NEWE,TETRACHLOROETHYLENE,6.158368987479243e-05,waste,kg,2016
NEWE,"THE FOLLOWING SPENT HALOGENATED SOLVENTS: TETRACHLOROETHYLENE, METHYLENE CHLORIDE, TRICHLOROETHYLENE, 1,1,1-TRICHLOROETHANE, CHLOROBENZENE, 1,1,2-TRICHLORO-1,2,2-TRIFLUOROETHANE, ORTHO-DICHLOROBENZENE, TRICHLOROFLUOROMETHANE, AND 1,1,2, TRICHLOROETHANE; ALL SPENT SOLVENT MIXTURES/BLENDS CONTAINING, BEFORE USE, A TOTAL OF TEN PERCENT OR MORE (BY VOLUME) OF ONE OR MORE OF THE ABOVE HALOGENATED SOLVENTS OR THOSE SOLVENTS LISTED IN F001, F004, AND F005; AND STILL BOTTOMS FROM THE RECOVERY OF THESE SPENT SOLVENTS AND SPENT SOLVENT MIXTURES.",5.765549127217331e-07,waste,kg,2016
NEWE,"THE FOLLOWING SPENT NONHALOGENATED SOLVENTS: XYLENE, ACETONE, ETHYL ACETATE, ETHYL BENZENE, ETHYL ETHER, METHYL ISOBUTYL KETONE, N-BUTYL ALCOHOL, CYCLOHEXANONE, AND METHANOL; ALL SPENT SOLVENT MIXTURES/BLENDS CONTAINING, BEFORE USE, ONLY THE ABOVE SPENT NONHALOGENATED SOLVENTS; AND ALL SPENT SOLVENT MIXTURES/BLENDS CONTAINING, BEFORE USE, ONE OR MORE OF THE ABOVE NONHALOGENATED SOLVENTS, AND A TOTAL OF TEN PERCENT OR MORE (BY VOLUME) OF ONE OR MORE OF THOSE SOLVENTS LISTED IN F001, F002, F004, AND F005; AND STILL BOTTOMS FROM THE RECOVERY OF THESE SPENT SOLVENTS AND SPENT SOLVENT MIXTURES.",9.208026381634834e-05,waste,kg,2016
NEWE,Tetrachloroethylene,4.923245088229304e-06,air,kg,2016
NEWE,Toluene,0.0002596174309218103,air,kg,2016
NEWE,Tribromomethane,2.2513415416064947e-07,air,kg,2016
NEWE,Trichloroethylene,3.0259037688649915e-06,air,kg,2016
NEWE,Vinyl acetate,4.382765466292951e-08,air,kg,2016
NEWE,Vinyl chloride,2.1566742944649895e-06,air,kg,2016
NEWE,Volatile organic compounds,0.01058016503354917,air,kg,2016
NEWE,Xylene,8.869098442734886e-05,air,kg,2016
NEWE,o-Xylene,8.808386361058472e-07,air,kg,2016
NEWE,p-Dichlorobenzene,3.616324016448404e-08,air,kg,2016
NEWE,p-Nitrophenol,1.2300421824654436e-08,air,kg,2016
NWPP,"1,1,1-Trichloroethane",1.3877281069128018e-06,air,kg,2016
NWPP,"1,1,2,2-Tetrachloroethane",9.789699142276545e-07,air,kg,2016
NWPP,"1,1,2-Trichloroethane",1.7412882819368668e-07,air,kg,2016
NWPP,"1,1-Dichloroethane",1.2227079776878911e-06,air,kg,2016
NWPP,"1,1-Dichloroethylene",1.0191465180947265e-07,air,kg,2016
NWPP,"1,2,4-Trichlorobenzene",1.4604353332373722e-07,air,kg,2016
NWPP,"1,2,4-Trimethylbenzene",2.5838471280353507e-08,air,kg,2016
NWPP,"1,2-Dibromo-3-chloropropane",1.8266675783415128e-08,air,kg,2016
NWPP,"1,2-Dichloroethane",3.4170299681162353e-06,air,kg,2016
NWPP,"1,2-Dichloropropane",7.928183163102208e-07,air,kg,2016
NWPP,"1,3-Butadiene",2.640098100675355e-07,air,kg,2016
NWPP,1-Methylnaphthalene,2.2864018501497663e-08,air,kg,2016
NWPP,"2,2,4-Trimethylpentane",5.716004625374416e-09,air,kg,2016
NWPP,"2,4-Dinitrophenol",3.736424159637696e-09,air,kg,2016
NWPP,"2,4-Dinitrotoluene",6.253285985715095e-08,air,kg,2016
NWPP,2-Chloroacetophenone,4.500204077839771e-07,air,kg,2016
NWPP,2-Methylnaphthalene,1.9436802499015618e-08,air,kg,2016
NWPP,3-Methylcholanthrene,1.756132817113642e-11,air,kg,2016
NWPP,5-Methylchrysene,4.154263945127396e-10,air,kg,2016
NWPP,"7,12-Dimethylbenz[a]anthracene",1.5576134551790565e-10,air,kg,2016
NWPP,Acenaphthene,1.727574291897557e-08,air,kg,2016
NWPP,Acenaphthylene,3.902202275831589e-08,air,kg,2016
NWPP,Acetaldehyde,0.0004168065701455312,air,kg,2016
NWPP,Acetaldehyde,0.00027603728078369585,water,kg,2016
NWPP,Acetophenone,1.0128024403943123e-06,air,kg,2016
NWPP,Acrolein,2.999320337770031e-05,air,kg,2016
NWPP,Acrylonitrile,1.765587641341057e-06,air,kg,2016
NWPP,Allyl chloride,3.6398542151454505e-06,air,kg,2016
NWPP,Ammonia,0.0025838656319039015,air,kg,2016
NWPP,Ammonia,7.729073148210093e-08,ground,kg,2016
NWPP,Ammonia,0.0004454237845564584,water,kg,2016
NWPP,Anthracene,1.1896193236198203e-08,air,kg,2016
NWPP,Antimony,9.87104424117315e-07,air,kg,2016
NWPP,Antimony compounds,3.0107436100585826e-07,air,kg,2016
NWPP,Antimony compounds,1.613219337329897e-09,ground,kg,2016
NWPP,Arsenic,2.787137982046434e-06,air,kg,2016
NWPP,Arsenic compounds,6.448383702140397e-07,air,kg,2016
NWPP,BENZENE,8.31418854599915e-06,waste,kg,2016
NWPP,Barium compounds,0.0002195971231292632,air,kg,2016
NWPP,Barium compounds,0.0012868643913409822,ground,kg,2016
NWPP,Barium compounds,6.133828399596962e-06,water,kg,2016
NWPP,Benz[a]anthracene,2.733811151426678e-09,air,kg,2016
NWPP,Benzene,7.16571645941133e-05,air,kg,2016
NWPP,Benzo(b)fluoranthene,1.3253778012068345e-09,air,kg,2016
NWPP,Benzo[a]pyrene,2.1576500442725414e-09,air,kg,2016
NWPP,Benzo[e]pyrene,2.920870666474744e-11,air,kg,2016
NWPP,Benzo[ghi]perylene,2.0848688591800705e-08,air,kg,2016
NWPP,Benzo[k]fluoranthene,9.553652650124384e-10,air,kg,2016
NWPP,Benzyl chloride,4.538534888278279e-05,air,kg,2016
NWPP,Beryllium,1.3095215891705108e-07,air,kg,2016
NWPP,Beryllium compounds,3.235425969018178e-08,air,kg,2016
NWPP,Biphenyl,1.1012084187505901e-07,air,kg,2016
NWPP,CHROMIUM,2.398526260663126e-05,waste,kg,2016
NWPP,COMPRESSED GAS,4.830670717631308e-06,waste,kg,2016
NWPP,CORROSIVE WASTE,0.0005825792974798902,waste,kg,2016
NWPP,Cadmium,4.708346244797405e-07,air,kg,2016
NWPP,Carbon dioxide,295.2668634967251,air,kg,2016
NWPP,Carbon disulfide,8.036257675121895e-06,air,kg,2016
NWPP,Carbon monoxide,0.16875523468427245,air,kg,2016
NWPP,Carbon tetrachloride,9.387933103605823e-07,air,kg,2016
NWPP,Carbonyl sulfide,1.5534953495267842e-07,air,kg,2016
NWPP,Catechol,2.8544807437490207e-06,water,kg,2016
NWPP,Chlorine,3.040128794897987e-05,air,kg,2016
NWPP,Chlorine dioxide,0.00024482624677597646,air,kg,2016
NWPP,Chlorobenzene,2.565697352734378e-06,air,kg,2016
NWPP,Chloroethane,3.1198561659837556e-06,air,kg,2016
NWPP,Chloroform,4.687425512102952e-06,air,kg,2016
NWPP,Chloromethane,3.494863752698562e-05,air,kg,2016
NWPP,Chromium compounds,2.6737200716191887e-06,air,kg,2016
NWPP,Chromium compounds,8.762611999424232e-07,water,kg,2016
NWPP,Chromium(III),6.984962293374123e-06,air,kg,2016
NWPP,Chromium(VI),1.445454342875876e-06,air,kg,2016
NWPP,Chrysene,2.9039675284388747e-09,air,kg,2016
NWPP,Cobalt,9.256068781903677e-07,air,kg,2016
NWPP,Cobalt compounds,8.066096686649486e-08,air,kg,2016
NWPP,Copper compounds,4.808202481735347e-06,air,kg,2016
NWPP,Copper compounds,5.214046226724066e-05,ground,kg,2016
NWPP,Copper compounds,7.594263732834335e-08,water,kg,2016
NWPP,Cresol,0.00012119576790345828,air,kg,2016
NWPP,Cumene,3.446399687317045e-07,air,kg,2016
NWPP,Cyanide,0.00016048255744227088,air,kg,2016
NWPP,"DICHLORODIFLUOROMETHANE (OR) METHANE, DICHLORODIFLUORO-",1.100943558902019e-05,waste,kg,2016
NWPP,DRIED PAINT,5.1900266128476875e-06,waste,kg,2016
NWPP,Di(2-ethylhexyl) phthalate,4.621142177446529e-06,air,kg,2016
NWPP,"Dibenz[a,h]anthracene",1.1682100913842922e-11,air,kg,2016
NWPP,Dibenzofuran,2.8984024305787844e-07,air,kg,2016
NWPP,Dimethyl sulfate,3.0706967084118147e-06,air,kg,2016
NWPP,Dioxins,1.332467393506283e-10,air,kg,2016
NWPP,"ETHENE, TETRACHLORO- (OR) TETRACHLOROETHYLENE",2.1861593526768664e-07,waste,kg,2016
NWPP,Ethylbenzene,1.7869181861295728e-05,air,kg,2016
NWPP,Ethylene dibromide,3.2547435905832515e-07,air,kg,2016
NWPP,Fluoranthene,2.146738758279502e-08,air,kg,2016
NWPP,Fluorene,3.155034910536881e-08,air,kg,2016
NWPP,Formaldehyde,0.000301226938672089,air,kg,2016
NWPP,Formaldehyde,0.0002094119096872814,water,kg,2016
NWPP,Formic acid,6.267550203263232e-08,air,kg,2016
NWPP,Formic acid,6.587248832434813e-06,water,kg,2016
NWPP,HALOGENATED SOLVENT,3.347767148497976e-07,waste,kg,2016
NWPP,Heat,9881.322419442595,input,MJ,2016
NWPP,Hexachlorobenzene,1.8266675783415128e-08,air,kg,2016
NWPP,Hexane,0.00018824913307422507,air,kg,2016
NWPP,Hydrochloric acid,0.0013776997420733156,air,kg,2016
NWPP,Hydrofluoric acid,0.0004755374006709076,air,kg,2016
NWPP,Hydrogen sulfide,0.0009551893020455267,air,kg,2016
NWPP,Hydrogen sulfide,0.00013158822093260823,water,kg,2016
NWPP,IGNITABLE WASTE,1.9096489729916716e-05,waste,kg,2016
NWPP,"INDENO[1,2,3-CD]PYRENE",1.8220585365164847e-05,waste,kg,2016
NWPP,"Indeno[1,2,3-cd]pyrene",1.8631521082185634e-09,air,kg,2016
NWPP,Isophorone,3.436821069666822e-05,air,kg,2016
NWPP,LAB PACKS/NO ACUTE,4.4936471791919137e-07,waste,kg,2016
NWPP,LEAD,0.0011813381677556174,waste,kg,2016
NWPP,Lead,1.6181962291352406e-05,air,kg,2016
NWPP,Lead compounds,6.966167912709622e-06,air,kg,2016
NWPP,Lead compounds,1.0470197927517161e-05,ground,kg,2016
NWPP,Lead compounds,5.743816611352644e-05,water,kg,2016
NWPP,MERCURY,5.552583780735596e-05,waste,kg,2016
NWPP,"METAL SCALE, ETC.",4.875607189423227e-06,waste,kg,2016
NWPP,"METHANE, DIBROMO- (OR) METHYLENE BROMIDE",1.835654872699897e-07,waste,kg,2016
NWPP,METHANOL (I) (OR) METHYL ALCOHOL (I),4.1116871689606016e-07,waste,kg,2016
NWPP,Manganese,0.00010002325660326514,air,kg,2016
NWPP,Manganese compounds,5.5496269324465506e-05,air,kg,2016
NWPP,Manganese compounds,0.00012482026237877275,ground,kg,2016
NWPP,Manganese compounds,0.002392279991983551,water,kg,2016
NWPP,Mercury,9.284942965159117e-07,air,kg,2016
NWPP,Mercury compounds,7.943994079828996e-07,air,kg,2016
NWPP,Mercury compounds,3.7971318664171673e-07,ground,kg,2016
NWPP,Mercury compounds,6.028956422534196e-08,water,kg,2016
NWPP,Methane,0.027421202927902847,air,kg,2016
NWPP,Methanol,0.004444296101238618,air,kg,2016
NWPP,Methanol,0.0007904703821880278,water,kg,2016
NWPP,Methyl bromide,1.0577651632601588e-05,air,kg,2016
NWPP,Methyl hydrazine,1.0787401828546305e-05,air,kg,2016
NWPP,Methyl iodide,2.9208706664747443e-07,air,kg,2016
NWPP,Methyl isobutyl ketone,1.4404319834312434e-06,air,kg,2016
NWPP,Methyl methacrylate,1.4193635557937037e-06,air,kg,2016
NWPP,Methyl tert-butyl ether,2.2252342722328423e-06,air,kg,2016
NWPP,Methylchrysene,1.460435333237372e-11,air,kg,2016
NWPP,Methylene chloride,0.0002709172586160276,air,kg,2016
NWPP,NONHALOGEN. SOLVENT,2.2266021772895935e-06,waste,kg,2016
NWPP,Naphthalene,4.840052372076219e-06,air,kg,2016
NWPP,Nickel,4.8793977777497725e-06,air,kg,2016
NWPP,Nickel compounds,2.3816330049717146e-06,air,kg,2016
NWPP,Nickel compounds,9.998364973702008e-08,ground,kg,2016
NWPP,Nickel compounds,1.8985659332085837e-08,water,kg,2016
NWPP,Nitrate compounds,0.002491584558319161,water,kg,2016
NWPP,Nitrogen dioxide,0.0051719917884185205,air,kg,2016
NWPP,Nitrogen oxides,0.30283235275408166,air,kg,2016
NWPP,Nitrous oxide,0.004247392250062359,air,kg,2016
NWPP,OILY SLUDGE,0.00021261647618086915,waste,kg,2016
NWPP,OTH INORGANIC SOLIDS,7.951260820819505e-06,waste,kg,2016
NWPP,OTH ORGANIC LIQUID,8.974649771826543e-06,waste,kg,2016
NWPP,OTHER AQUEOUS WST,7.032557835435346e-07,waste,kg,2016
NWPP,"PAH/POM, unspecified",3.276046084614024e-07,air,kg,2016
NWPP,PAINT THINNER,8.235388889350115e-05,waste,kg,2016
NWPP,"PAINT, INK SLUDGE",3.7254988018261104e-05,waste,kg,2016
NWPP,"PAINT, INK, ETC.",0.00016382227757518296,waste,kg,2016
NWPP,"Particulate matter, ≤ 10μm",0.04214793642948332,air,kg,2016
NWPP,"Particulate matter, ≤ 2.5μm",0.031074940289839075,air,kg,2016
NWPP,Pentachlorophenol,1.0686976628641153e-09,air,kg,2016
NWPP,Phenanthrene,8.715012244113026e-08,air,kg,2016
NWPP,Phenol,0.00014900670995808595,air,kg,2016
NWPP,Phenol,6.267550203263232e-07,water,kg,2016
NWPP,Phosphorus,1.2093157763988672e-08,air,kg,2016
NWPP,Polychlorinated biphenyls,1.204297444023433e-10,air,kg,2016
NWPP,Polycyclic aromatic hydrocarbons,2.1687013714662506e-06,air,kg,2016
NWPP,Propionaldehyde,2.0070503953769035e-05,air,kg,2016
NWPP,Propylene oxide,5.228251192039741e-06,air,kg,2016
NWPP,Pyrene,1.73648717395829e-08,air,kg,2016
NWPP,REACTIVE WASTE,2.4738566641079133e-07,waste,kg,2016
NWPP,SILVER,3.9094730458969653e-08,waste,kg,2016
NWPP,SOLVENT MIXTURE,2.807216484956529e-05,waste,kg,2016
NWPP,SPENT FILTERS,9.890203595290283e-05,waste,kg,2016
NWPP,Selenium,1.1849675288569539e-05,air,kg,2016
NWPP,Selenium compounds,2.145716528064139e-06,air,kg,2016
NWPP,Steam,456.23552253354586,output,MJ,2016
NWPP,Styrene,8.14676484446491e-06,air,kg,2016
NWPP,Sulfur dioxide,0.19976890056590843,air,kg,2016
NWPP,Sulfuric acid,0.0005837144331885175,air,kg,2016
NWPP,"THE FOLLOWING SPENT NONHALOGENATED SOLVENTS: TOLUENE, METHYL ETHYL KETONE, CARBON DISULFIDE, ISOBUTANOL, PYRIDINE, BENZENE, 2-ETHOXYETHANOL, AND 2-NITROPROPANE; ALL SPENT SOLVENT MIXTURES/BLENDS CONTAINING, BEFORE USE, A TOTAL OF TEN PERCENT OR MORE (BY VOLUME) OF ONE OR MORE OF THE ABOVE NONHALOGENATED SOLVENTS OR THOSE SOLVENTS LISTED IN F001, F002, OR F004; AND STILL BOTTOMS FROM THE RECOVERY OF THESE SPENT SOLVENTS AND SPENT SOLVENT MIXTURES.",3.1230847895383805e-06,waste,kg,2016
NWPP,"THE FOLLOWING SPENT NONHALOGENATED SOLVENTS: XYLENE, ACETONE, ETHYL ACETATE, ETHYL BENZENE, ETHYL ETHER, METHYL ISOBUTYL KETONE, N-BUTYL ALCOHOL, CYCLOHEXANONE, AND METHANOL; ALL SPENT SOLVENT MIXTURES/BLENDS CONTAINING, BEFORE USE, ONLY THE ABOVE SPENT NONHALOGENATED SOLVENTS; AND ALL SPENT SOLVENT MIXTURES/BLENDS CONTAINING, BEFORE USE, ONE OR MORE OF THE ABOVE NONHALOGENATED SOLVENTS, AND A TOTAL OF TEN PERCENT OR MORE (BY VOLUME) OF ONE OR MORE OF THOSE SOLVENTS LISTED IN F001, F002, F004, AND F005; AND STILL BOTTOMS FROM THE RECOVERY OF THESE SPENT SOLVENTS AND SPENT SOLVENT MIXTURES.",1.8314623029519415e-05,waste,kg,2016
NWPP,Tetrachloroethylene,6.605355854218413e-06,air,kg,2016
NWPP,Thallium compounds,1.8401485198790888e-06,air,kg,2016
NWPP,Toluene,7.503127757395493e-05,air,kg,2016
NWPP,Tribromomethane,2.5074840162751465e-06,air,kg,2016
NWPP,Trichloroethylene,2.572056828126932e-06,air,kg,2016
NWPP,Vanadium compounds,6.223701343180801e-06,air,kg,2016
NWPP,Vanadium compounds,4.190618081663107e-05,ground,kg,2016
NWPP,Vanadium compounds,2.763593015203027e-07,water,kg,2016
NWPP,Vinyl acetate,4.919903044115858e-07,air,kg,2016
NWPP,Vinyl chloride,3.1744845167994737e-06,air,kg,2016
NWPP,Volatile organic compounds,0.022654222950448742,air,kg,2016
NWPP,WASTE OIL,0.00010912003108460364,waste,kg,2016
NWPP,Xylene,2.7768519711347822e-05,air,kg,2016
NWPP,Zinc,2.808529486994946e-08,air,kg,2016
NWPP,Zinc compounds,1.646045223322567e-05,air,kg,2016
NWPP,Zinc compounds,4.18915764632987e-05,ground,kg,2016
NWPP,Zinc compounds,5.383991110748418e-05,water,kg,2016
NWPP,m-Xylene,2.6076318621542785e-08,air,kg,2016
NWPP,o-Xylene,7.693594513464824e-07,air,kg,2016
NWPP,p-Dichlorobenzene,2.8988989784520035e-07,air,kg,2016
NWPP,p-Nitrophenol,6.039882781349824e-09,air,kg,2016
NYCW,"1,1,1-Trichloroethane",2.2042843212540165e-08,air,kg,2016
NYCW,"1,2,4-Trimethylbenzene",7.265147129790369e-05,air,kg,2016
NYCW,"1,3-Butadiene",8.681478698142762e-07,air,kg,2016
NYCW,2-Methylnaphthalene,1.5969136285702968e-08,air,kg,2016
NYCW,3-Methylcholanthrene,1.2009166212158807e-09,air,kg,2016
NYCW,"7,12-Dimethylbenz[a]anthracene",1.0646238043235246e-08,air,kg,2016
NYCW,ASH,0.0005387881096587812,waste,kg,2016
NYCW,Acenaphthene,3.1863930293047347e-09,air,kg,2016
NYCW,Acenaphthylene,4.3494641148603324e-10,air,kg,2016
NYCW,Acetaldehyde,6.961285584123956e-05,air,kg,2016
NYCW,Acrolein,1.092818063268036e-05,air,kg,2016
NYCW,Ammonia,0.007492183879135299,air,kg,2016
NYCW,Anthracene,1.7266994900563581e-09,air,kg,2016
NYCW,Antimony,6.552684706826801e-06,air,kg,2016
NYCW,Arsenic,3.410206599656897e-07,air,kg,2016
NYCW,Benz[a]anthracene,8.238355452096325e-08,air,kg,2016
NYCW,Benzene,2.2464611176203133e-05,air,kg,2016
NYCW,Benzo(b)fluoranthene,1.201314023685694e-09,air,kg,2016
NYCW,Benzo[a]pyrene,8.115678679236925e-10,air,kg,2016
NYCW,Benzo[ghi]perylene,1.0125990701541517e-09,air,kg,2016
NYCW,Benzo[k]fluoranthene,4.3494641148603324e-10,air,kg,2016
NYCW,Beryllium,1.3157898712002436e-08,air,kg,2016
NYCW,CHROMIUM,0.015201474669710465,waste,kg,2016
NYCW,CONT. DEBRIS,4.7246738077821035e-08,waste,kg,2016
NYCW,CORROSIVE WASTE,0.0001442696131417634,waste,kg,2016
NYCW,Cadmium,1.0285151359771693e-06,air,kg,2016
NYCW,Carbon dioxide,272.90345610704776,air,kg,2016
NYCW,Carbon monoxide,0.05989195771413534,air,kg,2016
NYCW,Chromium(III),1.3818308535227352e-06,air,kg,2016
NYCW,Chromium(VI),8.360414043336013e-08,air,kg,2016
NYCW,Chrysene,1.4278652554965708e-09,air,kg,2016
NYCW,Cobalt,8.82353988036306e-07,air,kg,2016
NYCW,"Dibenz[a,h]anthracene",2.895334210189345e-10,air,kg,2016
NYCW,ELECTRICAL DEVICES,4.046932849613582e-06,waste,kg,2016
NYCW,Ethylbenzene,5.853084635274835e-05,air,kg,2016
NYCW,Ethylene oxide,2.585119830526201e-10,air,kg,2016
NYCW,Fluoranthene,3.483593498155289e-08,air,kg,2016
NYCW,Fluorene,2.470302795403113e-09,air,kg,2016
NYCW,Formaldehyde,0.0007077218456371623,air,kg,2016
NYCW,Heat,9116.583333969034,input,MJ,2016
NYCW,Hexane,0.0008778922404381576,air,kg,2016
NYCW,Hydrochloric acid,1.4993695017051964e-06,air,kg,2016
NYCW,Hydrofluoric acid,1.6092370945025603e-07,air,kg,2016
NYCW,IGNITABLE WASTE,8.533623557434735e-05,waste,kg,2016
NYCW,"Indeno[1,2,3-cd]pyrene",1.4013958755715988e-09,air,kg,2016
NYCW,LAB PACKS/NO ACUTE,5.108238405508351e-07,waste,kg,2016
NYCW,LEAD,0.0011630759302008573,waste,kg,2016
NYCW,Lead,9.892748836585963e-07,air,kg,2016
NYCW,MERCURY,6.137660367118808e-08,waste,kg,2016
NYCW,Manganese,1.1013076154404e-05,air,kg,2016
NYCW,Mercury,4.606358015322955e-07,air,kg,2016
NYCW,Methane,0.009659166284215988,air,kg,2016
NYCW,Naphthalene,3.3536149649499687e-06,air,kg,2016
NYCW,Nickel,1.7062955072378883e-05,air,kg,2016
NYCW,Nitrogen oxides,0.09759898368208456,air,kg,2016
NYCW,Nitrous oxide,0.0011419567761657928,air,kg,2016
NYCW,OTH ORGANIC LIQUID,2.0228562673867523e-06,waste,kg,2016
NYCW,OTHER AQUEOUS WST,5.387011257471183e-09,waste,kg,2016
NYCW,"PAH/POM, unspecified",2.017477780428318e-09,air,kg,2016
NYCW,"PAINT, INK, ETC.",4.082213357767021e-05,waste,kg,2016
NYCW,"Particulate matter, ≤ 10μm",0.017852863511639217,air,kg,2016
NYCW,"Particulate matter, ≤ 2.5μm",0.017521247965996214,air,kg,2016
NYCW,Phenanthrene,8.405011431615076e-09,air,kg,2016
NYCW,Phenol,3.4508820978038987e-07,air,kg,2016
NYCW,Phosphorus,9.571036877484083e-07,air,kg,2016
NYCW,Polycyclic aromatic hydrocarbons,1.0597399195025278e-08,air,kg,2016
NYCW,Propylene oxide,4.273026474725325e-05,air,kg,2016
NYCW,Pyrene,3.75931419586853e-09,air,kg,2016
NYCW,SILVER,1.532471521652505e-07,waste,kg,2016
NYCW,Selenium,2.987298654077715e-07,air,kg,2016
NYCW,Steam,792.7870451331229,output,MJ,2016
NYCW,Sulfur dioxide,0.006137057754952141,air,kg,2016
NYCW,Toluene,0.00024004387115316675,air,kg,2016
NYCW,Volatile organic compounds,0.012750490622143989,air,kg,2016
NYCW,Xylene,0.00011705335529601573,air,kg,2016
NYCW,o-Xylene,1.0178564155720332e-08,air,kg,2016
NYLI,"1,1,1-Trichloroethane",2.947217875313283e-06,air,kg,2016
NYLI,"1,1,2,2-Tetrachloroethane",8.238979049691492e-06,air,kg,2016
NYLI,"1,1-Dichloroethane",1.0284895207440656e-05,air,kg,2016
NYLI,"1,1-Dichloroethylene",8.608007520234896e-07,air,kg,2016
NYLI,"1,2,4-Trimethylbenzene",3.2044871976534796e-06,air,kg,2016
NYLI,"1,2-Dichloroethane",1.7933349000489367e-06,air,kg,2016
NYLI,"1,2-Dichloropropane",9.006526386912437e-07,air,kg,2016
NYLI,"1,3-Butadiene",3.929818579791816e-06,air,kg,2016
NYLI,2-Methylnaphthalene,4.37297424210171e-08,air,kg,2016
NYLI,3-Methylcholanthrene,3.2753045942867056e-09,air,kg,2016
NYLI,"7,12-Dimethylbenz[a]anthracene",2.9123654365414218e-08,air,kg,2016
NYLI,Acenaphthene,1.3809392343479084e-08,air,kg,2016
NYLI,Acetaldehyde,9.345144667103144e-05,air,kg,2016
NYLI,Acrolein,1.4499393818817588e-05,air,kg,2016
NYLI,Acrylonitrile,1.4852479345978628e-05,air,kg,2016
NYLI,Ammonia,0.01552401442313756,air,kg,2016
NYLI,Anthracene,4.983774288063284e-09,air,kg,2016
NYLI,Antimony,3.877870838093876e-05,air,kg,2016
NYLI,Arsenic,2.386427531713017e-06,air,kg,2016
NYLI,Benz[a]anthracene,4.7415334588505295e-09,air,kg,2016
NYLI,Benzene,5.0071541901757065e-05,air,kg,2016
NYLI,Benzo(b)fluoranthene,3.2753045942867056e-09,air,kg,2016
NYLI,Benzo[a]pyrene,3.062423433079558e-09,air,kg,2016
NYLI,Benzo[ghi]perylene,3.447190232340036e-09,air,kg,2016
NYLI,Beryllium,1.1677140779911751e-07,air,kg,2016
NYLI,Cadmium,4.344992928918651e-06,air,kg,2016
NYLI,Carbon dioxide,543.0501867102312,air,kg,2016
NYLI,Carbon disulfide,1.952742446719953e-06,air,kg,2016
NYLI,Carbon monoxide,0.21266477872745593,air,kg,2016
NYLI,Carbon tetrachloride,2.7178986707408328e-08,air,kg,2016
NYLI,Carbonyl sulfide,1.299171505368785e-06,air,kg,2016
NYLI,Chlorine,9.471826799693986e-10,air,kg,2016
NYLI,Chlorobenzene,1.2433788640339294e-06,air,kg,2016
NYLI,Chloroethane,3.5627586680972207e-06,air,kg,2016
NYLI,Chloroform,1.586105089376615e-07,air,kg,2016
NYLI,Chloromethane,2.7019579160737308e-06,air,kg,2016
NYLI,Chromium(III),6.174312900241794e-06,air,kg,2016
NYLI,Chromium(VI),1.1382846750077044e-06,air,kg,2016
NYLI,Chrysene,4.1408133876602e-09,air,kg,2016
NYLI,Cobalt,6.0888029029252435e-06,air,kg,2016
NYLI,Dioxins,2.4609045330046057e-11,air,kg,2016
NYLI,Ethylbenzene,9.428365082562429e-05,air,kg,2016
NYLI,Ethylene dibromide,8.289192426892863e-09,air,kg,2016
NYLI,Fluoranthene,1.0672319501557156e-08,air,kg,2016
NYLI,Fluorene,7.338452726118051e-09,air,kg,2016
NYLI,Formaldehyde,0.0017243581898565437,air,kg,2016
NYLI,Heat,10780.871575447482,input,MJ,2016
NYLI,Hexane,0.0014934354368897741,air,kg,2016
NYLI,Hydrochloric acid,0.003369080650893816,air,kg,2016
NYLI,Hydrofluoric acid,6.793662705534719e-05,air,kg,2016
NYLI,Hydrogen sulfide,5.3500281109953253e-05,air,kg,2016
NYLI,"Indeno[1,2,3-cd]pyrene",4.34641771836425e-09,air,kg,2016
NYLI,Lead,1.2472702415353457e-05,air,kg,2016
NYLI,Manganese,8.846464416139118e-05,air,kg,2016
NYLI,Mercury,3.7965635784602777e-06,air,kg,2016
NYLI,Methane,0.05772943903745073,air,kg,2016
NYLI,Methanol,5.470643889916712e-07,air,kg,2016
NYLI,Methyl isobutyl ketone,8.282577013706016e-06,air,kg,2016
NYLI,Methylene chloride,5.3712611962119044e-05,air,kg,2016
NYLI,Naphthalene,1.1249136680723655e-05,air,kg,2016
NYLI,Nickel,0.00014428138160371158,air,kg,2016
NYLI,Nitrogen oxides,0.42811897728639137,air,kg,2016
NYLI,Nitrous oxide,0.0074390299260391046,air,kg,2016
NYLI,"Particulate matter, ≤ 10μm",0.033684646202136334,air,kg,2016
NYLI,"Particulate matter, ≤ 2.5μm",0.02914149797225129,air,kg,2016
NYLI,Phenanthrene,3.0805567535453336e-08,air,kg,2016
NYLI,Phosphorus,5.546250908144777e-05,air,kg,2016
NYLI,Polychlorinated biphenyls,9.962971666938536e-09,air,kg,2016
NYLI,Polycyclic aromatic hydrocarbons,1.6237279177370232e-06,air,kg,2016
NYLI,Propylene oxide,6.167593365188591e-05,air,kg,2016
NYLI,Pyrene,1.1242261715524638e-08,air,kg,2016
NYLI,Selenium,1.9587350472789417e-06,air,kg,2016
NYLI,Steam,268.01647214617907,output,MJ,2016
NYLI,Sulfur dioxide,0.10177638522232887,air,kg,2016
NYLI,Tetrachloroethylene,2.7352740933279735e-05,air,kg,2016
NYLI,Toluene,0.0004635967180640822,air,kg,2016
NYLI,Trichloroethylene,1.638597994495381e-05,air,kg,2016
NYLI,Vinyl chloride,2.0286284093126907e-05,air,kg,2016
NYLI,Volatile organic compounds,0.023958033411193225,air,kg,2016
NYLI,Xylene,0.00020190944777293408,air,kg,2016
NYLI,o-Xylene,5.4529395407584063e-08,air,kg,2016
NYLI,p-Dichlorobenzene,1.3629345240371917e-06,air,kg,2016
NYUP,"1,1,1-Trichloroethane",2.2191652497325165e-06,air,kg,2016
NYUP,"1,1,2,2-Tetrachloroethane",2.6080261362354017e-06,air,kg,2016
NYUP,"1,1,2-Trichloroethane",5.393591860772141e-06,air,kg,2016
NYUP,"1,1-Dichloroethane",7.223949082730134e-06,air,kg,2016
NYUP,"1,1-Dichloroethylene",6.763818028013128e-07,air,kg,2016
NYUP,"1,2-Dichloroethane",1.6200800164333851e-06,air,kg,2016
NYUP,"1,2-Dichloropropane",1.2145094635205963e-06,air,kg,2016
NYUP,"1,3-Butadiene",2.4149126902511487e-07,air,kg,2016
NYUP,"2,4,6-Trichlorophenol",8.4441376010101e-08,air,kg,2016
NYUP,"2,4-Dinitrophenol",8.848265093249878e-10,air,kg,2016
NYUP,"2,4-Dinitrotoluene",1.1003819976252285e-09,air,kg,2016
NYUP,2-Chloroacetophenone,2.7456229692691773e-08,air,kg,2016
NYUP,2-Methylnaphthalene,2.8840639536792957e-09,air,kg,2016
NYUP,3-Methylcholanthrene,2.3210215012770388e-10,air,kg,2016
NYUP,5-Methylchrysene,4.4206825299818164e-11,air,kg,2016
NYUP,"7,12-Dimethylbenz[a]anthracene",1.857958898525344e-09,air,kg,2016
NYUP,"ACETALDEHYDE, TRICHLORO- (OR) CHLORAL",2.2107231778835104e-06,waste,kg,2016
NYUP,Acenaphthene,1.7242963044004964e-09,air,kg,2016
NYUP,Acenaphthylene,4.04805879439522e-06,air,kg,2016
NYUP,Acetaldehyde,3.615011792885087e-05,air,kg,2016
NYUP,Acetophenone,5.873176861440857e-08,air,kg,2016
NYUP,Acrolein,2.4446922659635698e-05,air,kg,2016
NYUP,Acrylonitrile,1.361682061260317e-05,air,kg,2016
NYUP,Ammonia,0.001513043685970008,air,kg,2016
NYUP,Ammonia,0.0025996589597006205,water,kg,2016
NYUP,Anthracene,1.8446815757298833e-09,air,kg,2016
NYUP,Antimony,1.1595607157280504e-06,air,kg,2016
NYUP,Arsenic,1.7640524409777513e-06,air,kg,2016
NYUP,Arsenic compounds,3.1997321169392195e-08,air,kg,2016
NYUP,Arsenic compounds,1.1283265886048826e-07,water,kg,2016
NYUP,Barium compounds,2.6103077796083104e-07,air,kg,2016
NYUP,Barium compounds,1.947205400111038e-06,water,kg,2016
NYUP,Benz[a]anthracene,2.3372338507279587e-07,air,kg,2016
NYUP,Benzene,8.538492230423184e-05,air,kg,2016
NYUP,Benzo(b)fluoranthene,2.4028948696819405e-10,air,kg,2016
NYUP,Benzo[a]pyrene,2.796643398809252e-10,air,kg,2016
NYUP,Benzo[ghi]perylene,2.6621224520653927e-10,air,kg,2016
NYUP,Benzo[ghi]perylene,2.529954630914788e-10,water,kg,2016
NYUP,Benzyl chloride,2.7384235720060638e-06,air,kg,2016
NYUP,Beryllium,1.7087170070848257e-07,air,kg,2016
NYUP,Biphenyl,6.652952686800898e-09,air,kg,2016
NYUP,"CARBON TETRACHLORIDE (OR) METHANE, TETRACHLORO-",1.040895265831354e-07,waste,kg,2016
NYUP,CHROMIUM,1.1100786369742235e-07,waste,kg,2016
NYUP,COMPRESSED GAS,2.220157273948447e-06,waste,kg,2016
NYUP,CONT. DEBRIS,1.6800547122617873,waste,kg,2016
NYUP,CORROSIVE WASTE,0.040421294422283545,waste,kg,2016
NYUP,Cadmium,2.0354987774387414e-06,air,kg,2016
NYUP,Carbon dioxide,133.21846424778286,air,kg,2016
NYUP,Carbon disulfide,2.4722092341637264e-06,air,kg,2016
NYUP,Carbon monoxide,0.05776433105557955,air,kg,2016
NYUP,Carbon tetrachloride,1.9759707383723885e-06,air,kg,2016
NYUP,Carbonyl sulfide,1.5739702329338724e-06,air,kg,2016
NYUP,Chlorine,4.145667755295392e-06,air,kg,2016
NYUP,Chlorine dioxide,0.00014727422516908517,air,kg,2016
NYUP,Chlorobenzene,1.2028383915442235e-06,air,kg,2016
NYUP,Chloroethane,2.754216771796177e-06,air,kg,2016
NYUP,Chloroform,3.175750486194309e-06,air,kg,2016
NYUP,Chloromethane,4.152087140081082e-06,air,kg,2016
NYUP,Chromium compounds,2.1682395266101286e-07,air,kg,2016
NYUP,Chromium compounds,5.915294242499478e-08,water,kg,2016
NYUP,Chromium(III),4.7783875308095265e-06,air,kg,2016
NYUP,Chromium(VI),3.9023471807010334e-07,air,kg,2016
NYUP,Chrysene,5.036820037245545e-10,air,kg,2016
NYUP,Cobalt,2.2079473262763373e-07,air,kg,2016
NYUP,Copper compounds,5.599531204643633e-08,air,kg,2016
NYUP,Copper compounds,6.420515103068828e-08,water,kg,2016
NYUP,Cumene,2.0761480220493797e-08,air,kg,2016
NYUP,Cyanide,9.793067806219748e-06,air,kg,2016
NYUP,Di(2-ethylhexyl) phthalate,3.031023544905542e-07,air,kg,2016
NYUP,Dimethyl sulfate,1.8839474834509075e-07,air,kg,2016
NYUP,Dioxins,3.111393092379436e-11,air,kg,2016
NYUP,Ethylbenzene,4.488240299168079e-05,air,kg,2016
NYUP,Ethylene dibromide,1.923100768569363e-07,air,kg,2016
NYUP,Fluoranthene,2.3499936985726515e-07,air,kg,2016
NYUP,Fluorene,2.4043567426914407e-09,air,kg,2016
NYUP,Formaldehyde,0.002669781046672208,air,kg,2016
NYUP,Formic acid,9.283433312961814e-07,air,kg,2016
NYUP,Formic acid,1.0314925903290904e-07,water,kg,2016
NYUP,HALOGENATED SOLVENT,3.459168557143473e-08,waste,kg,2016
NYUP,"HYDRAZINE (R,T)",0.0003187292864702804,waste,kg,2016
NYUP,Heat,9677.32827581385,input,MJ,2016
NYUP,Hexane,0.00027870109024992636,air,kg,2016
NYUP,Hydrochloric acid,0.0016151040846332514,air,kg,2016
NYUP,Hydrofluoric acid,2.520427937260199e-05,air,kg,2016
NYUP,Hydrogen sulfide,9.671281366130193e-06,air,kg,2016
NYUP,Hydrogen sulfide,2.786650487805383e-06,water,kg,2016
NYUP,IGNITABLE WASTE,1.7861888549613567e-05,waste,kg,2016
NYUP,"Indeno[1,2,3-cd]pyrene",4.0288612252915955e-10,air,kg,2016
NYUP,Isophorone,2.2701589353982254e-06,air,kg,2016
NYUP,LAB PACKS/NO ACUTE,3.337228559497547e-05,waste,kg,2016
NYUP,LEAD,0.002476926781258624,waste,kg,2016
NYUP,Lead,5.55351652268882e-06,air,kg,2016
NYUP,Lead compounds,4.904816470922744e-06,air,kg,2016
NYUP,Lead compounds,9.456454466727955e-06,water,kg,2016
NYUP,M-CRESOL,2.7736242430914025e-08,waste,kg,2016
NYUP,MERCURY,4.570606771204966e-05,waste,kg,2016
NYUP,"METHANE, DICHLORO- (OR) METHYLENE CHLORIDE",1.4768718584592115e-05,waste,kg,2016
NYUP,Manganese,2.3876805531748743e-05,air,kg,2016
NYUP,Manganese compounds,2.0085356231568253e-05,air,kg,2016
NYUP,Manganese compounds,0.002940106017063354,water,kg,2016
NYUP,Mercury,2.9693066906520596e-07,air,kg,2016
NYUP,Mercury compounds,2.694511256369869e-08,air,kg,2016
NYUP,Mercury compounds,4.3154281840298686e-11,water,kg,2016
NYUP,Methane,0.009917711434699075,air,kg,2016
NYUP,Methanol,0.000749008703004596,air,kg,2016
NYUP,Methanol,0.0005429779350715413,water,kg,2016
NYUP,Methyl bromide,6.989747611291034e-07,air,kg,2016
NYUP,Methyl hydrazine,6.652952686800898e-07,air,kg,2016
NYUP,Methyl isobutyl ketone,8.903843258366854e-06,air,kg,2016
NYUP,Methyl methacrylate,7.835654858256793e-08,air,kg,2016
NYUP,Methyl tert-butyl ether,1.374930433052887e-07,air,kg,2016
NYUP,Methylene chloride,3.974517236477808e-05,air,kg,2016
NYUP,NONHALOGEN. SOLVENT,2.081790531662708e-07,waste,kg,2016
NYUP,Naphthalene,1.6754029767717382e-06,air,kg,2016
NYUP,Nickel,2.6283350893660657e-05,air,kg,2016
NYUP,Nickel compounds,1.5661846677649863e-06,air,kg,2016
NYUP,Nickel compounds,6.357362495497659e-07,water,kg,2016
NYUP,Nitrate compounds,0.1331749882315233,water,kg,2016
NYUP,Nitrogen dioxide,0.0037700584112363177,air,kg,2016
NYUP,Nitrogen oxides,0.136620824975335,air,kg,2016
NYUP,Nitrous oxide,0.001275530799604503,air,kg,2016
NYUP,OTH INORGANIC LIQUID,9.025285235456152e-08,waste,kg,2016
NYUP,OTH ORGANIC LIQUID,2.283051247714692e-05,waste,kg,2016
NYUP,"PAINT, INK, ETC.",4.151002268572167e-06,waste,kg,2016
NYUP,"Particulate matter, ≤ 10μm",0.010893976643123904,air,kg,2016
NYUP,"Particulate matter, ≤ 2.5μm",0.007690042344238667,air,kg,2016
NYUP,Pentachlorophenol,2.531114293501768e-10,air,kg,2016
NYUP,Phenanthrene,3.2312765572797164e-08,air,kg,2016
NYUP,Phenol,1.4111257566870991e-06,air,kg,2016
NYUP,Phosphorus,3.0335597530014114e-07,air,kg,2016
NYUP,Polychlorinated biphenyls,9.699454562659786e-09,air,kg,2016
NYUP,Polycyclic aromatic hydrocarbons,1.0616168225305541e-07,air,kg,2016
NYUP,Propionaldehyde,1.7867933007191522e-06,air,kg,2016
NYUP,Propylene oxide,1.228128834371822e-05,air,kg,2016
NYUP,Pyrene,1.371661989915534e-09,air,kg,2016
NYUP,REACTIVE WASTE,1.7044266890652383e-06,waste,kg,2016
NYUP,SILVER,6.949784101170068e-09,waste,kg,2016
NYUP,Selenium,4.977309533543057e-06,air,kg,2016
NYUP,Steam,327.9802450772533,output,MJ,2016
NYUP,Styrene,9.476435443158665e-06,air,kg,2016
NYUP,Sulfur dioxide,0.08044471190700356,air,kg,2016
NYUP,Sulfuric acid,0.00021013489161968225,air,kg,2016
NYUP,"THE FOLLOWING SPENT HALOGENATED SOLVENTS: TETRACHLOROETHYLENE, METHYLENE CHLORIDE, TRICHLOROETHYLENE, 1,1,1-TRICHLOROETHANE, CHLOROBENZENE, 1,1,2-TRICHLORO-1,2,2-TRIFLUOROETHANE, ORTHO-DICHLOROBENZENE, TRICHLOROFLUOROMETHANE, AND 1,1,2, TRICHLOROETHANE; ALL SPENT SOLVENT MIXTURES/BLENDS CONTAINING, BEFORE USE, A TOTAL OF TEN PERCENT OR MORE (BY VOLUME) OF ONE OR MORE OF THE ABOVE HALOGENATED SOLVENTS OR THOSE SOLVENTS LISTED IN F001, F004, AND F005; AND STILL BOTTOMS FROM THE RECOVERY OF THESE SPENT SOLVENTS AND SPENT SOLVENT MIXTURES.",2.1509739028055777e-07,waste,kg,2016
NYUP,"THE FOLLOWING SPENT NONHALOGENATED SOLVENTS: XYLENE, ACETONE, ETHYL ACETATE, ETHYL BENZENE, ETHYL ETHER, METHYL ISOBUTYL KETONE, N-BUTYL ALCOHOL, CYCLOHEXANONE, AND METHANOL; ALL SPENT SOLVENT MIXTURES/BLENDS CONTAINING, BEFORE USE, ONLY THE ABOVE SPENT NONHALOGENATED SOLVENTS; AND ALL SPENT SOLVENT MIXTURES/BLENDS CONTAINING, BEFORE USE, ONE OR MORE OF THE ABOVE NONHALOGENATED SOLVENTS, AND A TOTAL OF TEN PERCENT OR MORE (BY VOLUME) OF ONE OR MORE OF THOSE SOLVENTS LISTED IN F001, F002, F004, AND F005; AND STILL BOTTOMS FROM THE RECOVERY OF THESE SPENT SOLVENTS AND SPENT SOLVENT MIXTURES.",7.587646079534896e-05,waste,kg,2016
NYUP,Tetrachloroethylene,2.0591148283979693e-05,air,kg,2016
NYUP,Toluene,0.0002507936442143025,air,kg,2016
NYUP,Tribromomethane,1.526995705197026e-07,air,kg,2016
NYUP,Trichloroethylene,9.92741311673816e-06,air,kg,2016
NYUP,Vanadium compounds,5.073259474883893e-07,air,kg,2016
NYUP,Vanadium compounds,1.1220113278477658e-06,water,kg,2016
NYUP,Vinyl acetate,2.9779587743219825e-08,air,kg,2016
NYUP,Vinyl chloride,1.4854067565029259e-05,air,kg,2016
NYUP,Volatile organic compounds,0.010820986530798384,air,kg,2016
NYUP,Xylene,0.00010479749229464111,air,kg,2016
NYUP,Zinc compounds,8.399296806965451e-09,air,kg,2016
NYUP,Zinc compounds,1.5977609715505705e-07,water,kg,2016
NYUP,o-Xylene,1.2518072667986054e-07,air,kg,2016
NYUP,p-Dichlorobenzene,1.5122876156972747e-06,air,kg,2016
NYUP,p-Nitrophenol,5.402546475205455e-10,air,kg,2016
RFCE,"1,1,1-Trichloroethane",9.698056489284587e-08,air,kg,2016
RFCE,"1,1,2,2-Tetrachloroethane",5.776315178776756e-05,air,kg,2016
RFCE,"1,1-Dichloroethane",5.065518004184425e-07,air,kg,2016
RFCE,"1,1-Dichloroethylene",1.8738274902716612e-08,air,kg,2016
RFCE,"1,2,4-Trimethylbenzene",2.096511951428761e-09,air,kg,2016
RFCE,"1,2-Dichloroethane",1.7567802847653026e-06,air,kg,2016
RFCE,"1,2-Dichloropropane",2.2410600134907304e-08,air,kg,2016
RFCE,"1,3-Butadiene",1.9920775399175483e-05,air,kg,2016
RFCE,1-Methylnaphthalene,8.290293170897759e-10,air,kg,2016
RFCE,"2,2,4-Trimethylpentane",2.9283242936221866e-09,air,kg,2016
RFCE,"2,4-Dinitrotoluene",1.193303642037837e-08,air,kg,2016
RFCE,2-Chloroacetophenone,2.9880437737736853e-07,air,kg,2016
RFCE,2-Methylnaphthalene,4.763071793300929e-09,air,kg,2016
RFCE,2-PROPANONE (I) (OR) ACETONE (I),2.5863787477754587e-07,waste,kg,2016
RFCE,3-Methylcholanthrene,1.80791396046311e-11,air,kg,2016
RFCE,5-Methylchrysene,2.355453897113634e-10,air,kg,2016
RFCE,"7,12-Dimethylbenz[a]anthracene",1.6101733710374578e-10,air,kg,2016
RFCE,AQUEOUS W/O CYANIDES,3.4002252657626124e-07,waste,kg,2016
RFCE,ARSENIC,2.9552947348047806e-08,waste,kg,2016
RFCE,ASH,2.457913643317154e-05,waste,kg,2016
RFCE,Acenaphthene,1.4823295070170042e-06,air,kg,2016
RFCE,Acenaphthylene,3.535519767311803e-09,air,kg,2016
RFCE,Acetaldehyde,7.055722538462578e-05,air,kg,2016
RFCE,Acetophenone,6.380408191828427e-07,air,kg,2016
RFCE,Acrolein,0.00038893887972270427,air,kg,2016
RFCE,Acrylonitrile,9.940810576456514e-05,air,kg,2016
RFCE,Ammonia,0.023944949910044068,air,kg,2016
RFCE,Ammonia,0.00011549913371138425,ground,kg,2016
RFCE,Ammonia,6.9725653912255965e-06,water,kg,2016
RFCE,Anthracene,2.8579519010966833e-09,air,kg,2016
RFCE,Antimony,5.096507862073766e-07,air,kg,2016
RFCE,Antimony compounds,1.6543064894047112e-08,air,kg,2016
RFCE,Arsenic,6.5256712873640435e-06,air,kg,2016
RFCE,Arsenic compounds,6.430477834214266e-06,air,kg,2016
RFCE,Arsenic compounds,0.00012841505675198473,ground,kg,2016
RFCE,Arsenic compounds,4.157788407875526e-06,water,kg,2016
RFCE,Barium compounds,8.02468416302914e-06,air,kg,2016
RFCE,Barium compounds,0.0022981956964463076,ground,kg,2016
RFCE,Barium compounds,9.565293128019003e-06,water,kg,2016
RFCE,Benz[a]anthracene,2.2719118945680824e-07,air,kg,2016
RFCE,Benzene,9.096041461750996e-05,air,kg,2016
RFCE,Benzo(b)fluoranthene,6.209108511796155e-10,air,kg,2016
RFCE,Benzo[a]pyrene,2.8472338711857416e-07,air,kg,2016
RFCE,Benzo[ghi]perylene,8.49936210445793e-10,air,kg,2016
RFCE,Benzo[k]fluoranthene,7.632798010618241e-10,air,kg,2016
RFCE,Benzofluoranthene,6.430477834214267e-13,air,kg,2016
RFCE,Benzyl chloride,3.0148932209499667e-05,air,kg,2016
RFCE,Beryllium,4.541889370569066e-07,air,kg,2016
RFCE,Beryllium compounds,1.6366887419137132e-07,air,kg,2016
RFCE,Beryllium compounds,2.0453676304623935e-05,ground,kg,2016
RFCE,Beryllium compounds,3.6821092256185797e-09,water,kg,2016
RFCE,Biphenyl,7.241522491057188e-08,air,kg,2016
RFCE,CADMIUM,1.3041950957571074e-07,waste,kg,2016
RFCE,CHROMIUM,0.0020332663169011955,waste,kg,2016
RFCE,COMPRESSED GAS,1.4756639481172863e-07,waste,kg,2016
RFCE,CONT. DEBRIS,0.00012158483154989941,waste,kg,2016
RFCE,CORROSIVE WASTE,0.00027957419416539,waste,kg,2016
RFCE,Cadmium,1.4493844233788473e-06,air,kg,2016
RFCE,Carbon dioxide,336.65796586325786,air,kg,2016
RFCE,Carbon disulfide,5.579281040474437e-06,air,kg,2016
RFCE,Carbon monoxide,0.17219741012505876,air,kg,2016
RFCE,Carbon tetrachloride,1.7551831366162695e-09,air,kg,2016
RFCE,Carbonyl sulfide,2.8436980003117672e-08,air,kg,2016
RFCE,Chlorine,2.4384724302290317e-05,air,kg,2016
RFCE,Chlorine dioxide,8.327076558915642e-06,air,kg,2016
RFCE,Chlorobenzene,5.3220297703256675e-06,air,kg,2016
RFCE,Chloroethane,1.932686375664236e-06,air,kg,2016
RFCE,Chloroform,2.636251805748529e-06,air,kg,2016
RFCE,Chloromethane,2.276907767276045e-05,air,kg,2016
RFCE,Chromium compounds,6.148593874358299e-06,air,kg,2016
RFCE,Chromium compounds,0.00023849074307574013,ground,kg,2016
RFCE,Chromium compounds,4.827262812533449e-07,water,kg,2016
RFCE,Chromium(III),7.915289538565129e-06,air,kg,2016
RFCE,Chromium(VI),1.937617189286643e-06,air,kg,2016
RFCE,Chrysene,1.700772091033351e-06,air,kg,2016
RFCE,Cobalt,2.3187542429059424e-06,air,kg,2016
RFCE,Cobalt,1.296666215337452e-05,ground,kg,2016
RFCE,Cobalt compounds,1.6243563186700147e-06,air,kg,2016
RFCE,Cobalt compounds,1.4622730417528332e-06,water,kg,2016
RFCE,Copper compounds,2.4312491537577227e-06,air,kg,2016
RFCE,Copper compounds,0.00022479364911138887,ground,kg,2016
RFCE,Copper compounds,1.5116027347276274e-06,water,kg,2016
RFCE,Cumene,2.2552514628366395e-07,air,kg,2016
RFCE,Cyanide,0.00010646488056735879,air,kg,2016
RFCE,Di(2-ethylhexyl) phthalate,3.0634577772201384e-06,air,kg,2016
RFCE,"Dibenz[a,h]anthracene",3.259424798706855e-10,air,kg,2016
RFCE,Dimethyl sulfate,2.068372754976782e-06,air,kg,2016
RFCE,Dioxins,1.7788145316344935e-10,air,kg,2016
RFCE,Dioxins,2.8716928410326726e-12,ground,kg,2016
RFCE,ELECTRICAL DEVICES,2.1977398406635803e-05,waste,kg,2016
RFCE,Ethylbenzene,3.698575757663185e-05,air,kg,2016
RFCE,Ethylene dibromide,6.332298992971084e-08,air,kg,2016
RFCE,Fluoranthene,8.943502973108533e-06,air,kg,2016
RFCE,Fluorene,1.1688569451182205e-08,air,kg,2016
RFCE,Formaldehyde,0.0045715849161523745,air,kg,2016
RFCE,HALOGENATED SOLVENT,2.9125756365887586e-06,waste,kg,2016
RFCE,"HYDRAZINE (R,T)",1.356335635099469e-05,waste,kg,2016
RFCE,Heat,9922.937085368085,input,MJ,2016
RFCE,Hexachlorobenzene,3.2042098203528804e-08,air,kg,2016
RFCE,Hexachlorobutadiene,3.1638494308104428e-09,air,kg,2016
RFCE,Hexane,0.00023126578868796902,air,kg,2016
RFCE,Hydrochloric acid,0.0049731562729890735,air,kg,2016
RFCE,Hydrofluoric acid,0.0010391062596886722,air,kg,2016
RFCE,Hydrogen sulfide,1.1694943431745744e-06,air,kg,2016
RFCE,IGNITABLE WASTE,0.0001443204406901655,waste,kg,2016
RFCE,"Indeno[1,2,3-cd]pyrene",1.0308315292089341e-09,air,kg,2016
RFCE,Isophorone,2.468974496839925e-05,air,kg,2016
RFCE,LAB PACKS/ACUTE,4.527761105186483e-08,waste,kg,2016
RFCE,LAB PACKS/NO ACUTE,4.127807294313228e-06,waste,kg,2016
RFCE,LEAD,5.1610801828370765e-05,waste,kg,2016
RFCE,Lead,8.37820363879592e-06,air,kg,2016
RFCE,Lead compounds,4.397047592551963e-06,air,kg,2016
RFCE,Lead compounds,0.0001837065954777328,ground,kg,2016
RFCE,Lead compounds,2.5440488730598514e-07,water,kg,2016
RFCE,MERCURY,4.205184586074353e-06,waste,kg,2016
RFCE,Manganese,2.2724364791527516e-05,air,kg,2016
RFCE,Manganese,2.501720143721714e-07,water,kg,2016
RFCE,Manganese compounds,1.3769679043849973e-05,air,kg,2016
RFCE,Manganese compounds,0.0012120733675171009,ground,kg,2016
RFCE,Manganese compounds,0.00010506739803834914,water,kg,2016
RFCE,Mercury,1.6849152024438987e-06,air,kg,2016
RFCE,Mercury,1.6173092196736156e-07,ground,kg,2016
RFCE,Mercury,6.425917527199742e-11,water,kg,2016
RFCE,Mercury compounds,4.866669622081009e-07,air,kg,2016
RFCE,Mercury compounds,4.756791822569457e-06,ground,kg,2016
RFCE,Mercury compounds,9.647033773861158e-09,water,kg,2016
RFCE,Methane,0.02193623305736112,air,kg,2016
RFCE,Methanol,6.057254806907687e-09,air,kg,2016
RFCE,Methyl bromide,6.771800954693813e-06,air,kg,2016
RFCE,Methyl hydrazine,8.41050461876376e-06,air,kg,2016
RFCE,Methyl isobutyl ketone,4.406790278628831e-07,air,kg,2016
RFCE,Methyl methacrylate,8.524575182058005e-07,air,kg,2016
RFCE,Methyl tert-butyl ether,1.4922601121377428e-06,air,kg,2016
RFCE,Methylene chloride,1.6726428883160728e-05,air,kg,2016
RFCE,Molybdenum trioxide,5.8843276619933284e-08,air,kg,2016
RFCE,NONHALOGEN. SOLVENT,2.7131331136136907e-06,waste,kg,2016
RFCE,Naphthalene,2.95416492499188e-06,air,kg,2016
RFCE,Nickel,1.815131387694178e-05,air,kg,2016
RFCE,Nickel,6.430477834214267e-09,water,kg,2016
RFCE,Nickel compounds,4.3692013777675015e-06,air,kg,2016
RFCE,Nickel compounds,0.00014025876368028303,ground,kg,2016
RFCE,Nickel compounds,6.078122884394306e-06,water,kg,2016
RFCE,Nitrogen dioxide,0.0005733236083974142,air,kg,2016
RFCE,Nitrogen oxides,0.25111588223222275,air,kg,2016
RFCE,Nitrous oxide,0.004146480560356181,air,kg,2016
RFCE,OTH INORGANIC LIQUID,3.9740239628059524e-05,waste,kg,2016
RFCE,OTH INORGANIC SOLIDS,0.0008406701019707955,waste,kg,2016
RFCE,OTH ORGANIC LIQUID,2.7331517748731462e-06,waste,kg,2016
RFCE,OTH ORGANIC SOLIDS,0.0002456167405972815,waste,kg,2016
RFCE,OTHER AQUEOUS WST,6.765215036543228e-06,waste,kg,2016
RFCE,"PAH/POM, unspecified",1.2923120256131976e-08,air,kg,2016
RFCE,PAINT THINNER,1.6538838052920568e-05,waste,kg,2016
RFCE,"PAINT, INK, ETC.",1.6781221146712756e-05,waste,kg,2016
RFCE,"Particulate matter, ≤ 10μm",0.04227635657762744,air,kg,2016
RFCE,"Particulate matter, ≤ 2.5μm",0.022378772692718867,air,kg,2016
RFCE,Phenanthrene,3.654846804337282e-08,air,kg,2016
RFCE,Phenol,9.800455172604639e-07,air,kg,2016
RFCE,Phosphorus,4.841828035756328e-06,air,kg,2016
RFCE,Polycyclic aromatic hydrocarbons,4.890552032229602e-07,air,kg,2016
RFCE,Propionaldehyde,1.637760361970616e-05,air,kg,2016
RFCE,Propylene oxide,1.839325036503503e-05,air,kg,2016
RFCE,Pyrene,5.193238892743216e-09,air,kg,2016
RFCE,REACTIVE WASTE,1.6205322663340377e-07,waste,kg,2016
RFCE,SILVER,1.8740173456829536e-07,waste,kg,2016
RFCE,SODIUM AZIDE,3.693126708863424e-08,waste,kg,2016
RFCE,SPENT FILTERS,0.0001688205009139125,waste,kg,2016
RFCE,Selenium,3.224129046596815e-05,air,kg,2016
RFCE,Selenium compounds,1.873735534405091e-05,air,kg,2016
RFCE,Selenium compounds,7.205658723818178e-07,water,kg,2016
RFCE,Steam,708.9528607308062,output,MJ,2016
RFCE,Styrene,1.0664553549337307e-06,air,kg,2016
RFCE,Sulfur dioxide,0.2578205658050607,air,kg,2016
RFCE,Sulfuric acid,0.008028815173100536,air,kg,2016
RFCE,TETRACHLOROETHYLENE,9.443112655174923e-08,waste,kg,2016
RFCE,"THE FOLLOWING SPENT HALOGENATED SOLVENTS USED IN DEGREASING: TETRACHLOROETHYLENE, TRICHLORETHYLENE, METHYLENE CHLORIDE, 1,1,1-TRICHLOROETHANE, CARBON TETRACHLORIDE AND CHLORINATED FLUOROCARBONS; ALL SPENT SOLVENT MIXTURES/BLENDS USED IN DEGREASING CONTAINING, BEFORE USE, A TOTAL OF TEN PERCENT OR MORE (BY VOLUME) OF ONE OR MORE OF THE ABOVE HALOGENATED SOLVENTS OR THOSE SOLVENTS LISTED IN F002, F004, AND F005; AND STILL BOTTOMS FROM THE RECOVERY OF THESE SPENT SOLVENTS AND SPENT SOLVENT MIXTURES.",5.910589469609561e-06,waste,kg,2016
RFCE,"THE FOLLOWING SPENT HALOGENATED SOLVENTS: TETRACHLOROETHYLENE, METHYLENE CHLORIDE, TRICHLOROETHYLENE, 1,1,1-TRICHLOROETHANE, CHLOROBENZENE, 1,1,2-TRICHLORO-1,2,2-TRIFLUOROETHANE, ORTHO-DICHLOROBENZENE, TRICHLOROFLUOROMETHANE, AND 1,1,2, TRICHLOROETHANE; ALL SPENT SOLVENT MIXTURES/BLENDS CONTAINING, BEFORE USE, A TOTAL OF TEN PERCENT OR MORE (BY VOLUME) OF ONE OR MORE OF THE ABOVE HALOGENATED SOLVENTS OR THOSE SOLVENTS LISTED IN F001, F004, AND F005; AND STILL BOTTOMS FROM THE RECOVERY OF THESE SPENT SOLVENTS AND SPENT SOLVENT MIXTURES.",2.381216169154583e-06,waste,kg,2016
RFCE,"THE FOLLOWING SPENT NONHALOGENATED SOLVENTS: TOLUENE, METHYL ETHYL KETONE, CARBON DISULFIDE, ISOBUTANOL, PYRIDINE, BENZENE, 2-ETHOXYETHANOL, AND 2-NITROPROPANE; ALL SPENT SOLVENT MIXTURES/BLENDS CONTAINING, BEFORE USE, A TOTAL OF TEN PERCENT OR MORE (BY VOLUME) OF ONE OR MORE OF THE ABOVE NONHALOGENATED SOLVENTS OR THOSE SOLVENTS LISTED IN F001, F002, OR F004; AND STILL BOTTOMS FROM THE RECOVERY OF THESE SPENT SOLVENTS AND SPENT SOLVENT MIXTURES.",5.910589469609561e-06,waste,kg,2016
RFCE,"THE FOLLOWING SPENT NONHALOGENATED SOLVENTS: XYLENE, ACETONE, ETHYL ACETATE, ETHYL BENZENE, ETHYL ETHER, METHYL ISOBUTYL KETONE, N-BUTYL ALCOHOL, CYCLOHEXANONE, AND METHANOL; ALL SPENT SOLVENT MIXTURES/BLENDS CONTAINING, BEFORE USE, ONLY THE ABOVE SPENT NONHALOGENATED SOLVENTS; AND ALL SPENT SOLVENT MIXTURES/BLENDS CONTAINING, BEFORE USE, ONE OR MORE OF THE ABOVE NONHALOGENATED SOLVENTS, AND A TOTAL OF TEN PERCENT OR MORE (BY VOLUME) OF ONE OR MORE OF THOSE SOLVENTS LISTED IN F001, F002, F004, AND F005; AND STILL BOTTOMS FROM THE RECOVERY OF THESE SPENT SOLVENTS AND SPENT SOLVENT MIXTURES.",3.6180874651545656e-06,waste,kg,2016
RFCE,Tetrachloroethylene,2.5227684640383094e-06,air,kg,2016
RFCE,Thallium compounds,1.2860955668428534e-08,air,kg,2016
RFCE,Toluene,0.00013731808718278239,air,kg,2016
RFCE,Tribromomethane,1.6608073297627583e-06,air,kg,2016
RFCE,Trichloroethylene,4.538617338245933e-07,air,kg,2016
RFCE,Vanadium,1.744157001608801e-08,air,kg,2016
RFCE,Vanadium,6.287474577829835e-05,ground,kg,2016
RFCE,Vanadium compounds,2.3783959112847285e-06,air,kg,2016
RFCE,Vanadium compounds,0.00028938524438268495,ground,kg,2016
RFCE,Vanadium compounds,5.1443822673714134e-08,water,kg,2016
RFCE,Vinyl acetate,3.2269605181215824e-07,air,kg,2016
RFCE,Vinyl chloride,0.000136808250266165,air,kg,2016
RFCE,Volatile organic compounds,0.006466556712486831,air,kg,2016
RFCE,Xylene,6.0500310252614025e-05,air,kg,2016
RFCE,Zinc compounds,1.5944061479353182e-05,air,kg,2016
RFCE,Zinc compounds,0.0017383924746297466,ground,kg,2016
RFCE,Zinc compounds,8.350812310733047e-06,water,kg,2016
RFCE,m-Xylene,3.300965138891114e-08,air,kg,2016
RFCE,o-Xylene,2.859789983244219e-06,air,kg,2016
RFCE,p-Dichlorobenzene,3.163849430810443e-08,air,kg,2016
RFCM,"1,1,1-Trichloroethane",2.765854409165568e-06,air,kg,2016
RFCM,"1,2-Dichloroethane",5.463974351529009e-06,air,kg,2016
RFCM,"1,2-Dichloropropane",5.903573851676059e-08,air,kg,2016
RFCM,"1,3-Butadiene",6.046731168043984e-07,air,kg,2016
RFCM,"2,4-Dinitrophenol",3.227559406798676e-10,air,kg,2016
RFCM,"2,4-Dinitrotoluene",3.79268998290911e-08,air,kg,2016
RFCM,2-Chloroacetophenone,9.471154472370576e-07,air,kg,2016
RFCM,2-Methylnaphthalene,2.6821285569357796e-09,air,kg,2016
RFCM,3-Methylcholanthrene,2.0136734777667974e-10,air,kg,2016
RFCM,Acenaphthene,4.291230734767552e-07,air,kg,2016
RFCM,Acenaphthylene,7.464600614178557e-07,air,kg,2016
RFCM,Acetaldehyde,7.089562125686284e-05,air,kg,2016
RFCM,Acetophenone,2.029539229499621e-06,air,kg,2016
RFCM,Acrolein,2.5863937258692264e-05,air,kg,2016
RFCM,Ammonia,0.0023163279632648424,air,kg,2016
RFCM,Ammonia,2.0379894891440254e-06,water,kg,2016
RFCM,Anthracene,1.223437804933182e-07,air,kg,2016
RFCM,Antimony,6.642555184886302e-07,air,kg,2016
RFCM,Arsenic,3.9596480771934005e-06,air,kg,2016
RFCM,Arsenic compounds,4.194368409192683e-07,air,kg,2016
RFCM,Arsenic compounds,9.640282230805764e-06,water,kg,2016
RFCM,Barium compounds,4.109804529975089e-05,air,kg,2016
RFCM,Barium compounds,0.00013266043116139342,water,kg,2016
RFCM,Benz[a]anthracene,3.4559320371531743e-06,air,kg,2016
RFCM,Benzene,0.00016566066931636742,air,kg,2016
RFCM,Benzo(b)fluoranthene,8.531465658693473e-08,air,kg,2016
RFCM,Benzo[a]pyrene,8.841153858791168e-06,air,kg,2016
RFCM,Benzo[ghi]perylene,4.545411263028367e-08,air,kg,2016
RFCM,Benzo[k]fluoranthene,1.720183670814876e-08,air,kg,2016
RFCM,Benzofluoranthene,1.4883242742296616e-08,air,kg,2016
RFCM,Benzyl chloride,3.357186004938499e-05,air,kg,2016
RFCM,Beryllium,1.095947102853574e-06,air,kg,2016
RFCM,Biphenyl,2.3043657086794478e-07,air,kg,2016
RFCM,CHROMIUM,0.00020391120693312011,waste,kg,2016
RFCM,CONT. DEBRIS,2.996788367248069e-07,waste,kg,2016
RFCM,CORROSIVE WASTE,0.00011894623763364183,waste,kg,2016
RFCM,Cadmium,9.296765210762409e-06,air,kg,2016
RFCM,Carbon dioxide,565.9495182799766,air,kg,2016
RFCM,Carbon disulfide,1.758928687725964e-05,air,kg,2016
RFCM,Carbon monoxide,0.18957017082220365,air,kg,2016
RFCM,Carbon tetrachloride,8.06889851699669e-08,air,kg,2016
RFCM,Chlorobenzene,3.0399124809369636e-06,air,kg,2016
RFCM,Chloroethane,5.708061847187623e-06,air,kg,2016
RFCM,Chloroform,5.546904023452021e-06,air,kg,2016
RFCM,Chloromethane,7.182500388562756e-05,air,kg,2016
RFCM,Chromium compounds,2.680674971197743e-06,air,kg,2016
RFCM,Chromium compounds,1.9280564461611528e-05,ground,kg,2016
RFCM,Chromium compounds,7.610749129583498e-06,water,kg,2016
RFCM,Chromium(III),2.2780338144445636e-05,air,kg,2016
RFCM,Chromium(VI),4.122000892521324e-06,air,kg,2016
RFCM,Chrysene,1.3034638935934452e-07,air,kg,2016
RFCM,Cobalt,3.438186694766742e-06,air,kg,2016
RFCM,Cobalt compounds,2.947051190733165e-07,air,kg,2016
RFCM,Cobalt compounds,3.285306707603543e-07,water,kg,2016
RFCM,Copper compounds,3.6827569399262368e-06,air,kg,2016
RFCM,Copper compounds,6.8073922770163495e-06,ground,kg,2016
RFCM,Copper compounds,2.2071172475792145e-05,water,kg,2016
RFCM,Cumene,4.39732171931491e-07,air,kg,2016
RFCM,Cyanide,0.00033855952401616493,air,kg,2016
RFCM,Di(2-ethylhexyl) phthalate,8.118215340909264e-06,air,kg,2016
RFCM,"Dibenz[a,h]anthracene",2.7881830572466304e-08,air,kg,2016
RFCM,Dibenzofuran,2.614731671330573e-09,air,kg,2016
RFCM,Dimethyl sulfate,6.511418699754771e-06,air,kg,2016
RFCM,Dioxins,9.682564170414561e-11,air,kg,2016
RFCM,Ethylbenzene,4.5772996766214545e-05,air,kg,2016
RFCM,Ethylene dibromide,1.6236264809778127e-07,air,kg,2016
RFCM,Fluoranthene,1.7647572660521681e-06,air,kg,2016
RFCM,Fluorene,1.1457502917243604e-06,air,kg,2016
RFCM,Formaldehyde,0.0015943348679604498,air,kg,2016
RFCM,HALOGENATED SOLVENT,1.94434483351214e-07,waste,kg,2016
RFCM,Heat,10092.88468174249,input,MJ,2016
RFCM,Hexane,0.0002104759433008328,air,kg,2016
RFCM,Hydrochloric acid,0.010102453942276844,air,kg,2016
RFCM,Hydrofluoric acid,0.0019309345777903234,air,kg,2016
RFCM,IGNITABLE WASTE,1.9443448335121403e-06,waste,kg,2016
RFCM,"Indeno[1,2,3-cd]pyrene",4.0945699190417475e-08,air,kg,2016
RFCM,Isophorone,4.877179451935149e-05,air,kg,2016
RFCM,LAB PACKS/NO ACUTE,1.4823399602280627e-05,waste,kg,2016
RFCM,LEAD,1.767927405483234e-05,waste,kg,2016
RFCM,Lead,8.00501933709748e-06,air,kg,2016
RFCM,Lead,3.148661320573963e-05,ground,kg,2016
RFCM,Lead compounds,3.4544344660387316e-06,air,kg,2016
RFCM,Lead compounds,7.3570574919307144e-09,ground,kg,2016
RFCM,Lead compounds,6.934238095842742e-07,water,kg,2016
RFCM,MERCURY,9.989294557493564e-07,waste,kg,2016
RFCM,Manganese,0.00010176546940935804,air,kg,2016
RFCM,Manganese compounds,5.961753484840406e-06,air,kg,2016
RFCM,Manganese compounds,1.196578890928961e-06,ground,kg,2016
RFCM,Manganese compounds,5.6274724702932555e-05,water,kg,2016
RFCM,Mercury,3.3902712994842557e-06,air,kg,2016
RFCM,Mercury compounds,2.6553058074324647e-06,air,kg,2016
RFCM,Mercury compounds,1.407988588972947e-07,ground,kg,2016
RFCM,Mercury compounds,1.8392643729826785e-07,water,kg,2016
RFCM,Methane,0.029704665088216394,air,kg,2016
RFCM,Methyl bromide,2.1675317500064768e-05,air,kg,2016
RFCM,Methyl hydrazine,2.304365708679448e-05,air,kg,2016
RFCM,Methyl methacrylate,2.710272328923901e-06,air,kg,2016
RFCM,Methyl tert-butyl ether,4.735577236185287e-06,air,kg,2016
RFCM,Methylene chloride,3.9798782712602266e-05,air,kg,2016
RFCM,NONHALOGEN. SOLVENT,2.7187287168456606e-05,waste,kg,2016
RFCM,Naphthalene,1.3184769289051435e-05,air,kg,2016
RFCM,Nickel,0.0001392911940168294,air,kg,2016
RFCM,Nickel compounds,4.777859175794084e-06,air,kg,2016
RFCM,Nickel compounds,4.524167538141301e-06,ground,kg,2016
RFCM,Nickel compounds,5.581216028361232e-06,water,kg,2016
RFCM,Nitrogen dioxide,0.03868171689946883,air,kg,2016
RFCM,Nitrogen oxides,0.4167841587762058,air,kg,2016
RFCM,Nitrous oxide,0.007797940746543522,air,kg,2016
RFCM,OTH INORGANIC SOLIDS,4.270475900488518e-06,waste,kg,2016
RFCM,OTH ORGANIC SOLIDS,2.9639639665766844e-07,waste,kg,2016
RFCM,OTHER AQUEOUS WST,2.7187287168456606e-05,waste,kg,2016
RFCM,PAINT THINNER,3.645964490573909e-05,waste,kg,2016
RFCM,"PAINT, INK, ETC.",4.191936108948191e-06,waste,kg,2016
RFCM,"Particulate matter, ≤ 10μm",0.026761245084528658,air,kg,2016
RFCM,"Particulate matter, ≤ 2.5μm",0.018862778776014222,air,kg,2016
RFCM,Pentachlorophenol,9.212843623203816e-11,air,kg,2016
RFCM,Phenanthrene,3.5012125246607896e-06,air,kg,2016
RFCM,Phenol,1.5818322249033566e-05,air,kg,2016
RFCM,Phosphorus,6.632041320370147e-08,air,kg,2016
RFCM,Polycyclic aromatic hydrocarbons,5.070908176437247e-08,air,kg,2016
RFCM,Propionaldehyde,2.5267041680059486e-05,air,kg,2016
RFCM,Propylene oxide,3.4438876548141537e-05,air,kg,2016
RFCM,Pyrene,3.3328109703489774e-07,air,kg,2016
RFCM,Selenium,2.9490076661085175e-05,air,kg,2016
RFCM,Steam,757.9726107734259,output,MJ,2016
RFCM,Styrene,6.790428605454501e-06,air,kg,2016
RFCM,Sulfur dioxide,0.7677554072457395,air,kg,2016
RFCM,Sulfuric acid,0.006098170243516646,air,kg,2016
RFCM,Tetrachloroethylene,4.0087006501768595e-06,air,kg,2016
RFCM,Toluene,0.00017165237752749912,air,kg,2016
RFCM,Tribromomethane,5.2852424510996515e-06,air,kg,2016
RFCM,Trichloroethylene,5.372456480937036e-08,air,kg,2016
RFCM,Vanadium compounds,6.595982578972364e-06,air,kg,2016
RFCM,Vanadium compounds,2.832889953789413e-05,water,kg,2016
RFCM,Vinyl acetate,1.0274511324937722e-06,air,kg,2016
RFCM,Vinyl chloride,3.2275594067986756e-08,air,kg,2016
RFCM,Volatile organic compounds,0.026045548501891252,air,kg,2016
RFCM,Xylene,9.638214598725756e-05,air,kg,2016
RFCM,Zinc compounds,5.7407880684448315e-05,air,kg,2016
RFCM,Zinc compounds,9.936255808067343e-06,water,kg,2016
RFCM,o-Xylene,4.54978223891146e-08,air,kg,2016
RFCM,p-Nitrophenol,1.9630915126161567e-10,air,kg,2016
RFCW,"1,1,1-Trichloroethane",8.315583700688805e-07,air,kg,2016
RFCW,"1,1,2,2-Tetrachloroethane",1.7083178783608103e-06,air,kg,2016
RFCW,"1,1-Dichloroethylene",1.793568839200281e-07,air,kg,2016
RFCW,"1,2-Dichloroethane",4.783538829903452e-06,air,kg,2016
RFCW,"1,2-Dichloropropane",3.856800126252353e-07,air,kg,2016
RFCW,"1,3-Butadiene",9.433594633007674e-08,air,kg,2016
RFCW,1-Methylnaphthalene,1.0839044534950466e-10,air,kg,2016
RFCW,"2,2,4-Trimethylpentane",1.8892482204684654e-11,air,kg,2016
RFCW,"2,4,6-Trichlorophenol",9.65767836492459e-11,air,kg,2016
RFCW,"2,4-Dinitrophenol",1.0786497914071621e-09,air,kg,2016
RFCW,"2,4-Dinitrotoluene",4.4356505435447425e-08,air,kg,2016
RFCW,2-Chloroacetophenone,7.455639028172866e-07,air,kg,2016
RFCW,2-Chloronaphthalene,1.4361093153037217e-11,air,kg,2016
RFCW,2-Methylnaphthalene,1.8317545725708574e-09,air,kg,2016
RFCW,3-Methylcholanthrene,1.9223410555842837e-12,air,kg,2016
RFCW,5-Methylchrysene,1.8840188084210167e-10,air,kg,2016
RFCW,"7,12-Dimethylbenz[a]anthracene",1.503617728113809e-11,air,kg,2016
RFCW,AQUEOUS W/O CYANIDES,1.5103685856552658e-06,waste,kg,2016
RFCW,ARSENIC,0.0021757634622850495,waste,kg,2016
RFCW,ASH,0.00019517607328469854,waste,kg,2016
RFCW,Acenaphthene,1.803334053355229e-08,air,kg,2016
RFCW,Acenaphthylene,3.517613484250409e-08,air,kg,2016
RFCW,Acetaldehyde,0.0001814672678980998,air,kg,2016
RFCW,Acetophenone,1.5983651261441707e-06,air,kg,2016
RFCW,Acrolein,5.984915344607968e-05,air,kg,2016
RFCW,Acrylonitrile,3.093385736383934e-06,air,kg,2016
RFCW,Aluminum,5.03456449489356e-09,air,kg,2016
RFCW,Ammonia,0.0063267367638710536,air,kg,2016
RFCW,Ammonia,6.600449057480119e-05,water,kg,2016
RFCW,Anthracene,2.3501699657928065e-08,air,kg,2016
RFCW,Anthracene,2.6524470599599057e-09,ground,kg,2016
RFCW,Antimony,1.5820044293321057e-06,air,kg,2016
RFCW,Antimony compounds,1.54883780856266e-07,air,kg,2016
RFCW,Antimony compounds,2.642494162924409e-05,ground,kg,2016
RFCW,Arsenic,7.665856664904e-06,air,kg,2016
RFCW,Arsenic compounds,5.125741973280868e-06,air,kg,2016
RFCW,Arsenic compounds,0.00026948961658162997,ground,kg,2016
RFCW,Arsenic compounds,7.1660858655577184e-06,water,kg,2016
RFCW,BARIUM,4.614872521009161e-07,waste,kg,2016
RFCW,"BENZENE, DIMETHYL- (I,T) (OR) XYLENE (I)",4.5186152541155615e-07,waste,kg,2016
RFCW,Barium compounds,5.163465585243675e-05,air,kg,2016
RFCW,Barium compounds,0.0023386993984856803,ground,kg,2016
RFCW,Barium compounds,9.889417571993674e-05,water,kg,2016
RFCW,Benz[a]anthracene,8.978881722839542e-07,air,kg,2016
RFCW,Benzene,0.00011697890004142314,air,kg,2016
RFCW,Benzo(b)fluoranthene,2.2076331833490333e-09,air,kg,2016
RFCW,Benzo[a]pyrene,4.655673619938722e-07,air,kg,2016
RFCW,Benzo[e]pyrene,1.5615337096533916e-11,air,kg,2016
RFCW,Benzo[ghi]perylene,1.402386634091629e-07,air,kg,2016
RFCW,Benzo[ghi]perylene,6.121031676830552e-10,ground,kg,2016
RFCW,Benzo[k]fluoranthene,2.2476245395573285e-10,air,kg,2016
RFCW,Benzofluoranthene,3.9214414319857517e-10,air,kg,2016
RFCW,Benzyl chloride,7.353228419418376e-05,air,kg,2016
RFCW,Beryllium,5.134862756241621e-07,air,kg,2016
RFCW,Beryllium compounds,1.2490885779548523e-07,air,kg,2016
RFCW,Beryllium compounds,3.0654922869330246e-05,ground,kg,2016
RFCW,Beryllium compounds,7.265614835912686e-10,water,kg,2016
RFCW,Biphenyl,1.9372551717825974e-07,air,kg,2016
RFCW,CHROMIUM,0.00669370168309512,waste,kg,2016
RFCW,CORROSIVE WASTE,0.0043414701164321235,waste,kg,2016
RFCW,Cadmium,8.380539418102727e-06,air,kg,2016
RFCW,Cadmium compounds,7.55184674234034e-08,air,kg,2016
RFCW,Carbazole,5.0044333345518335e-09,air,kg,2016
RFCW,Carbon dioxide,567.4200226694442,air,kg,2016
RFCW,Carbon disulfide,1.3602092986948395e-05,air,kg,2016
RFCW,Carbon monoxide,0.2254087697672063,air,kg,2016
RFCW,Carbon tetrachloride,2.753065455975257e-07,air,kg,2016
RFCW,Carbonyl sulfide,2.721709357387839e-07,air,kg,2016
RFCW,Chlorine,4.741210204411653e-06,air,kg,2016
RFCW,Chlorobenzene,2.682374231949131e-06,air,kg,2016
RFCW,Chloroethane,5.249723298242912e-06,air,kg,2016
RFCW,Chloroform,6.183801810857636e-06,air,kg,2016
RFCW,Chloromethane,5.66435769735493e-05,air,kg,2016
RFCW,Chromium compounds,1.0732322092341788e-05,air,kg,2016
RFCW,Chromium compounds,0.0004053660692653809,ground,kg,2016
RFCW,Chromium compounds,2.219554154892938e-06,water,kg,2016
RFCW,Chromium(III),3.096817743720544e-05,air,kg,2016
RFCW,Chromium(VI),4.535364662002428e-06,air,kg,2016
RFCW,Chrysene,5.478337997713262e-07,air,kg,2016
RFCW,Cobalt,1.9977499271886274e-06,air,kg,2016
RFCW,Cobalt compounds,2.4384597736967237e-06,air,kg,2016
RFCW,Cobalt compounds,0.00011888237864049192,ground,kg,2016
RFCW,Cobalt compounds,9.604545639254443e-07,water,kg,2016
RFCW,Copper compounds,7.0938989501191e-06,air,kg,2016
RFCW,Copper compounds,0.0003968727645801397,ground,kg,2016
RFCW,Copper compounds,2.3488837003772525e-05,water,kg,2016
RFCW,Cumene,5.618117765017855e-07,air,kg,2016
RFCW,Cyanide,0.00025686154191444023,air,kg,2016
RFCW,Cyanide compounds,1.3089860058595233e-06,water,kg,2016
RFCW,Di(2-ethylhexyl) phthalate,7.713002880091382e-06,air,kg,2016
RFCW,"Dibenz[a,h]anthracene",2.0616494337344548e-10,air,kg,2016
RFCW,Dibutyl phthalate,1.607392871232738e-08,air,kg,2016
RFCW,Diethanolamine,1.9131337452467506e-05,water,kg,2016
RFCW,Dimethyl phthalate,2.9161988314005717e-08,air,kg,2016
RFCW,Dimethyl sulfate,5.077037507826918e-06,air,kg,2016
RFCW,Dioxins,2.797532024554493e-10,air,kg,2016
RFCW,Ethylbenzene,3.737770617787948e-05,air,kg,2016
RFCW,Ethylene dibromide,1.266748615125731e-07,air,kg,2016
RFCW,Fluoranthene,6.534356465676965e-07,air,kg,2016
RFCW,Fluorene,2.904551680615915e-08,air,kg,2016
RFCW,Formaldehyde,0.0005001269275143848,air,kg,2016
RFCW,Heat,10475.86800423569,input,MJ,2016
RFCW,Hexachlorobenzene,6.5191475582504246e-09,air,kg,2016
RFCW,Hexane,0.0004309517464964311,air,kg,2016
RFCW,Hydrochloric acid,0.007754219268279249,air,kg,2016
RFCW,Hydrofluoric acid,0.0014614275532302103,air,kg,2016
RFCW,Hydrogen cyanide,9.554781154076957e-07,air,kg,2016
RFCW,Hydrogen sulfide,6.655691058435517e-05,air,kg,2016
RFCW,IGNITABLE WASTE,4.638968927215729e-05,waste,kg,2016
RFCW,"Indeno[1,2,3-cd]pyrene",1.0190074532300861e-09,air,kg,2016
RFCW,Isophorone,6.186248007949214e-05,air,kg,2016
RFCW,LAB PACKS/NO ACUTE,1.5947326330173763e-06,waste,kg,2016
RFCW,"LEACHATE RESULTING FROM THE TREATMENT, STORAGE, OR DISPOSAL OF WASTES CLASSIFIED BY MORE THAN ONE WASTE CODE UNDER SUBPART D, OR FROM A MIXTURE OF WASTES CLASSIFIED UNDER SUBPARTS C AND D OF THIS PART.  (LEACHATE RESULTING FROM THE MANAGEMENT OF ONE OR MORE OF THE FOLLOWING EPA HAZARDOUS WASTES AND NO OTHER HAZARDOUS WASTES RETAINS ITS HAZARDOUS WASTE CODE(S): F020, F021, F022, F023, F026, F027, AND/OR F028.)",0.5611598469641043,waste,kg,2016
RFCW,LEAD,8.978378994708679e-05,waste,kg,2016
RFCW,Lead,1.5050657607079718e-05,air,kg,2016
RFCW,Lead compounds,1.044736894206125e-05,air,kg,2016
RFCW,Lead compounds,0.00036053527157099723,ground,kg,2016
RFCW,Lead compounds,3.4566418943360715e-06,water,kg,2016
RFCW,MERCURY,5.396924555659038e-07,waste,kg,2016
RFCW,METHANOL (I) (OR) METHYL ALCOHOL (I),1.4780052097712794e-06,waste,kg,2016
RFCW,Manganese,4.9715079200465326e-05,air,kg,2016
RFCW,Manganese compounds,0.00015558183226224752,air,kg,2016
RFCW,Manganese compounds,0.0009451375530326664,ground,kg,2016
RFCW,Manganese compounds,0.0003221262860981403,water,kg,2016
RFCW,Mercury,2.7027105564278102e-06,air,kg,2016
RFCW,Mercury,1.9408149219218822e-09,ground,kg,2016
RFCW,Mercury,5.4740933695232575e-08,water,kg,2016
RFCW,Mercury compounds,1.9449250733292235e-06,air,kg,2016
RFCW,Mercury compounds,1.9806265100638696e-06,ground,kg,2016
RFCW,Mercury compounds,1.078225449424125e-07,water,kg,2016
RFCW,Methane,0.048978831320845184,air,kg,2016
RFCW,Methanol,2.2991986463658257e-05,air,kg,2016
RFCW,Methyl bromide,1.714627045114185e-05,air,kg,2016
RFCW,Methyl hydrazine,1.7979146132856418e-05,air,kg,2016
RFCW,Methyl isobutyl ketone,1.7607390039792549e-06,air,kg,2016
RFCW,Methyl methacrylate,2.1643470739959847e-06,air,kg,2016
RFCW,Methyl tert-butyl ether,3.727857870583581e-06,air,kg,2016
RFCW,Methylene chloride,4.472952914155791e-05,air,kg,2016
RFCW,N-Nitrosodimethylamine,4.872407857568588e-10,air,kg,2016
RFCW,N-Nitrosomorpholine,4.872407857568588e-10,air,kg,2016
RFCW,NONHALOGEN. SOLVENT,9.05868426753396e-07,waste,kg,2016
RFCW,Naphthalene,2.9113669385196313e-06,air,kg,2016
RFCW,Naphthalene,2.8564814491875904e-09,ground,kg,2016
RFCW,Nickel,4.629494140482047e-05,air,kg,2016
RFCW,Nickel compounds,1.4218013364223008e-05,air,kg,2016
RFCW,Nickel compounds,0.0004309355593944241,ground,kg,2016
RFCW,Nickel compounds,8.18661645508772e-06,water,kg,2016
RFCW,Nitrate compounds,0.00011076037311889019,water,kg,2016
RFCW,Nitrogen dioxide,0.021901633367867705,air,kg,2016
RFCW,Nitrogen oxides,0.4311196775938586,air,kg,2016
RFCW,Nitrous oxide,0.00841422659845239,air,kg,2016
RFCW,OTH INORGANIC SOLIDS,0.00010965074823890043,waste,kg,2016
RFCW,OTH ORGANIC LIQUID,4.027651595914848e-07,waste,kg,2016
RFCW,OTH ORGANIC SOLIDS,0.003979257443515733,waste,kg,2016
RFCW,OTHER AQUEOUS WST,5.7718233733996844e-05,waste,kg,2016
RFCW,"PAH/POM, unspecified",2.3081497437959e-07,air,kg,2016
RFCW,"PAINT, INK, ETC.",2.6197535398570834e-06,waste,kg,2016
RFCW,"Particulate matter, ≤ 10μm",0.06797645515282326,air,kg,2016
RFCW,"Particulate matter, ≤ 2.5μm",0.05579209585215775,air,kg,2016
RFCW,Pentachlorophenol,3.0603552221319484e-10,air,kg,2016
RFCW,Perylene,3.1167961995893e-12,air,kg,2016
RFCW,Phenanthrene,1.8486515037250844e-07,air,kg,2016
RFCW,Phenanthrene,3.1650212572879925e-09,ground,kg,2016
RFCW,Phenol,5.036366539718411e-06,air,kg,2016
RFCW,Phenol,2.1145170878552952e-07,water,kg,2016
RFCW,Phosphorus,8.842419801651736e-08,air,kg,2016
RFCW,Polychlorinated biphenyls,4.371040143085999e-12,air,kg,2016
RFCW,Polycyclic aromatic hydrocarbons,4.5641120671645687e-07,air,kg,2016
RFCW,Propionaldehyde,3.867208752711694e-05,air,kg,2016
RFCW,Propylene oxide,5.142843536438772e-06,air,kg,2016
RFCW,Pyrene,2.5504224149309773e-08,air,kg,2016
RFCW,SELENIUM,1.5103685856552658e-06,waste,kg,2016
RFCW,SPENT ACID,2.756952478832622e-07,waste,kg,2016
RFCW,SPENT PICKLE LIQUOR FROM STEEL FINISHING OPERATIONS OF PLANTS THAT PRODUCE IRON OR STEEL.,5.7877325209222685e-05,waste,kg,2016
RFCW,Selenium,7.318779979913597e-05,air,kg,2016
RFCW,Selenium compounds,4.389227592654103e-05,air,kg,2016
RFCW,Selenium compounds,3.3143147128204454e-05,ground,kg,2016
RFCW,Selenium compounds,6.22056064718552e-06,water,kg,2016
RFCW,Steam,462.7933445010248,output,MJ,2016
RFCW,Styrene,1.3996442147406288e-05,air,kg,2016
RFCW,Sulfur dioxide,0.5636010998969082,air,kg,2016
RFCW,Sulfuric acid,0.02116466416354892,air,kg,2016
RFCW,"THE FOLLOWING SPENT HALOGENATED SOLVENTS: TETRACHLOROETHYLENE, METHYLENE CHLORIDE, TRICHLOROETHYLENE, 1,1,1-TRICHLOROETHANE, CHLOROBENZENE, 1,1,2-TRICHLORO-1,2,2-TRIFLUOROETHANE, ORTHO-DICHLOROBENZENE, TRICHLOROFLUOROMETHANE, AND 1,1,2, TRICHLOROETHANE; ALL SPENT SOLVENT MIXTURES/BLENDS CONTAINING, BEFORE USE, A TOTAL OF TEN PERCENT OR MORE (BY VOLUME) OF ONE OR MORE OF THE ABOVE HALOGENATED SOLVENTS OR THOSE SOLVENTS LISTED IN F001, F004, AND F005; AND STILL BOTTOMS FROM THE RECOVERY OF THESE SPENT SOLVENTS AND SPENT SOLVENT MIXTURES.",3.2297150880187217e-07,waste,kg,2016
RFCW,Tetrachloroethylene,1.0233758542702038e-05,air,kg,2016
RFCW,Thallium compounds,1.1545360561176325e-07,air,kg,2016
RFCW,Thallium compounds,8.149432092664805e-05,ground,kg,2016
RFCW,Thallium compounds,3.1650212572879925e-08,water,kg,2016
RFCW,Toluene,0.00016203731512587095,air,kg,2016
RFCW,Tribromomethane,4.15180075432564e-06,air,kg,2016
RFCW,Trichloroethylene,3.5838264743897304e-06,air,kg,2016
RFCW,Vanadium compounds,1.0483018610447067e-05,air,kg,2016
RFCW,Vanadium compounds,0.0009020957521578086,ground,kg,2016
RFCW,Vanadium compounds,7.689355168284361e-07,water,kg,2016
RFCW,Vinyl acetate,8.069145898161885e-07,air,kg,2016
RFCW,Vinyl chloride,4.391181445856068e-06,air,kg,2016
RFCW,Volatile organic compounds,0.013028341769637096,air,kg,2016
RFCW,Xylene,6.269197518600419e-05,air,kg,2016
RFCW,Xylene,8.459962480172307e-08,ground,kg,2016
RFCW,Zinc compounds,9.417418795983865e-05,air,kg,2016
RFCW,Zinc compounds,0.0010559884414103643,ground,kg,2016
RFCW,Zinc compounds,1.620135258889922e-05,water,kg,2016
RFCW,m-Xylene,1.2599068754627763e-07,air,kg,2016
RFCW,o-Xylene,2.1415114902902973e-07,air,kg,2016
RFCW,p-Dichlorobenzene,4.4657742912054794e-07,air,kg,2016
RFCW,p-Nitrophenol,6.584780703357676e-10,air,kg,2016
RMPA,"1,1,1-Trichloroethane",1.9969140126980327e-07,air,kg,2016
RMPA,"1,2-Dichloroethane",3.870625104304155e-06,air,kg,2016
RMPA,"1,3-Butadiene",2.3912281957232555e-07,air,kg,2016
RMPA,"2,2,4-Trimethylpentane",3.461787801655996e-08,air,kg,2016
RMPA,"2,4-Dinitrotoluene",2.7155977190675045e-08,air,kg,2016
RMPA,2-Chloroacetophenone,6.570822458235172e-07,air,kg,2016
RMPA,5-Methylchrysene,1.0728921045087118e-09,air,kg,2016
RMPA,Acenaphthene,2.6829310704939886e-08,air,kg,2016
RMPA,Acenaphthylene,1.3002273241739367e-08,air,kg,2016
RMPA,Acetaldehyde,0.0001425817538258638,air,kg,2016
RMPA,Acetophenone,1.4527677778754325e-06,air,kg,2016
RMPA,Acrolein,3.411573367809773e-05,air,kg,2016
RMPA,Acrylonitrile,8.5728699259787e-06,air,kg,2016
RMPA,Ammonia,0.0029110089857401675,air,kg,2016
RMPA,Ammonia,1.2936306714650495e-05,ground,kg,2016
RMPA,Anthracene,1.1034352607308068e-08,air,kg,2016
RMPA,Antimony,8.162193522339003e-06,air,kg,2016
RMPA,Arsenic,1.0164350917028515e-05,air,kg,2016
RMPA,Barium compounds,0.0005926870873421707,air,kg,2016
RMPA,Barium compounds,0.00732086079467703,ground,kg,2016
RMPA,Barium compounds,2.29340479498523e-05,water,kg,2016
RMPA,Benz[a]anthracene,4.485767984146469e-09,air,kg,2016
RMPA,Benzene,0.00013428551812830805,air,kg,2016
RMPA,Benzo(b)fluoranthene,8.340681720948949e-11,air,kg,2016
RMPA,Benzo[a]pyrene,1.967386653493618e-09,air,kg,2016
RMPA,Benzo[ghi]perylene,3.999134569831644e-09,air,kg,2016
RMPA,Benzo[ghi]perylene,3.270010863981097e-09,ground,kg,2016
RMPA,Benzo[k]fluoranthene,5.5672026050023316e-14,air,kg,2016
RMPA,Benzyl chloride,6.685914520355197e-05,air,kg,2016
RMPA,Beryllium,1.5401191106911534e-06,air,kg,2016
RMPA,Biphenyl,1.9362490246407342e-07,air,kg,2016
RMPA,CONT. DEBRIS,5.015385579449815e-06,waste,kg,2016
RMPA,CORROSIVE WASTE,0.022173719326183353,waste,kg,2016
RMPA,Cadmium,1.5922537187713874e-06,air,kg,2016
RMPA,Carbon dioxide,595.7152522270724,air,kg,2016
RMPA,Carbon disulfide,1.2576964861465758e-05,air,kg,2016
RMPA,Carbon monoxide,0.24438629118074778,air,kg,2016
RMPA,Chlorine,0.00024835193499156655,air,kg,2016
RMPA,Chlorobenzene,2.1252503888354386e-06,air,kg,2016
RMPA,Chloroethane,4.060822068963313e-06,air,kg,2016
RMPA,Chloroform,0.0004203098005241661,air,kg,2016
RMPA,Chloromethane,5.082120495041265e-05,air,kg,2016
RMPA,Chromium,1.4899858608297151e-05,air,kg,2016
RMPA,Chromium,6.964064349530191e-07,water,kg,2016
RMPA,Chromium compounds,3.706354542848277e-05,air,kg,2016
RMPA,Chromium compounds,0.0001260750891898646,ground,kg,2016
RMPA,Chromium(III),0.0001246473408600311,air,kg,2016
RMPA,Chromium(VI),1.933123146931616e-05,air,kg,2016
RMPA,Chrysene,5.186854522008318e-09,air,kg,2016
RMPA,Cobalt,1.9301790971065816e-05,air,kg,2016
RMPA,Copper,3.699335275718168e-05,air,kg,2016
RMPA,Copper,3.4820321747650953e-07,water,kg,2016
RMPA,Copper compounds,2.0841827484714687e-06,air,kg,2016
RMPA,Copper compounds,0.00014165769198046843,ground,kg,2016
RMPA,Copper compounds,5.903473302320662e-09,water,kg,2016
RMPA,Cumene,5.123188135405236e-07,air,kg,2016
RMPA,Cyanide,0.00026170780680628283,air,kg,2016
RMPA,Di(2-ethylhexyl) phthalate,7.084167962784795e-06,air,kg,2016
RMPA,"Dibenz[a,h]anthracene",2.1054148033463365e-13,air,kg,2016
RMPA,Dimethyl sulfate,4.650910271219583e-06,air,kg,2016
RMPA,Dioxins,1.971961982816012e-09,air,kg,2016
RMPA,Ethylbenzene,3.277219965614616e-05,air,kg,2016
RMPA,Ethylene dibromide,1.1601608402821476e-07,air,kg,2016
RMPA,Fluoranthene,3.690615626168469e-08,air,kg,2016
RMPA,Fluorene,4.722402614491672e-08,air,kg,2016
RMPA,Formaldehyde,0.0012561104154642047,air,kg,2016
RMPA,Heat,10318.783694558813,input,MJ,2016
RMPA,Hexane,0.00030473645969381904,air,kg,2016
RMPA,Hydrochloric acid,0.0006874310922244004,air,kg,2016
RMPA,Hydrofluoric acid,0.0010282835927883,air,kg,2016
RMPA,Hydrogen sulfide,3.059539207115752e-05,air,kg,2016
RMPA,IGNITABLE WASTE,0.02617788327200597,waste,kg,2016
RMPA,"Indeno[1,2,3-cd]pyrene",3.1572078585115068e-09,air,kg,2016
RMPA,Isophorone,5.5546550319791934e-05,air,kg,2016
RMPA,Lead,3.3297464062265134e-05,air,kg,2016
RMPA,Lead,6.964064349530191e-07,water,kg,2016
RMPA,Lead compounds,4.2981918567254396e-06,air,kg,2016
RMPA,Lead compounds,0.00027765468366899664,ground,kg,2016
RMPA,Lead compounds,1.1601694560063626e-05,water,kg,2016
RMPA,Manganese,0.0001836183184763077,air,kg,2016
RMPA,Manganese,6.964064349530191e-07,water,kg,2016
RMPA,Manganese compounds,7.196231286427977e-05,air,kg,2016
RMPA,Manganese compounds,0.0010270169834946346,ground,kg,2016
RMPA,Mercury,7.51849441643667e-06,air,kg,2016
RMPA,Mercury compounds,1.75564162555971e-06,air,kg,2016
RMPA,Mercury compounds,6.878829760964946e-07,ground,kg,2016
RMPA,Methane,0.057611442238230316,air,kg,2016
RMPA,Methanol,3.4617878016559956e-07,air,kg,2016
RMPA,Methyl bromide,1.550303423739861e-05,air,kg,2016
RMPA,Methyl hydrazine,1.627305249422304e-05,air,kg,2016
RMPA,Methyl isobutyl ketone,4.173498951988433e-06,air,kg,2016
RMPA,Methyl methacrylate,1.9353125521520777e-06,air,kg,2016
RMPA,Methyl tert-butyl ether,3.3829468749820142e-06,air,kg,2016
RMPA,Methylchrysene,6.622157008690134e-11,air,kg,2016
RMPA,Methylene chloride,3.860635542124758e-05,air,kg,2016
RMPA,Naphthalene,2.4070745768640934e-06,air,kg,2016
RMPA,Nickel,0.00012590383538042121,air,kg,2016
RMPA,Nickel,3.4415434285468964e-07,water,kg,2016
RMPA,Nickel compounds,2.5615940677026177e-05,air,kg,2016
RMPA,Nickel compounds,0.00010482669206554662,ground,kg,2016
RMPA,Nitrogen dioxide,0.10808648959532179,air,kg,2016
RMPA,Nitrogen oxides,0.4341809245538312,air,kg,2016
RMPA,Nitrous oxide,0.008282037026768892,air,kg,2016
RMPA,OTHER AQUEOUS WST,0.026969785236138383,waste,kg,2016
RMPA,"PAINT, INK, ETC.",5.020519034495311e-06,waste,kg,2016
RMPA,"Particulate matter, ≤ 10μm",0.06748075617701232,air,kg,2016
RMPA,"Particulate matter, ≤ 2.5μm",0.06044204355235265,air,kg,2016
RMPA,Phenanthrene,1.4373958497864457e-07,air,kg,2016
RMPA,Phenol,2.171805678189212e-06,air,kg,2016
RMPA,Polycyclic aromatic hydrocarbons,8.213528072793965e-11,air,kg,2016
RMPA,Propionaldehyde,3.675553812575299e-05,air,kg,2016
RMPA,Propylene oxide,3.274932083131237e-05,air,kg,2016
RMPA,Pyrene,1.7073234866980036e-08,air,kg,2016
RMPA,SELENIUM,4.563641535446147e-05,waste,kg,2016
RMPA,Selenium,3.8039314872338475e-05,air,kg,2016
RMPA,Steam,123.14115370881589,output,MJ,2016
RMPA,Styrene,2.4229907814742193e-06,air,kg,2016
RMPA,Sulfur dioxide,0.3170734991760423,air,kg,2016
RMPA,Sulfuric acid,0.0002685274400113758,air,kg,2016
RMPA,TRICHLORETHYLENE,0.0002573698754699898,waste,kg,2016
RMPA,Tetrachloroethylene,4.625242995992101e-06,air,kg,2016
RMPA,Toluene,0.0001319285293389498,air,kg,2016
RMPA,Tribromomethane,3.78335636853072e-06,air,kg,2016
RMPA,Vanadium,4.21313746522711e-05,air,kg,2016
RMPA,Vanadium,3.4415434285468964e-07,water,kg,2016
RMPA,Vanadium compounds,2.5153929722931518e-06,air,kg,2016
RMPA,Vanadium compounds,0.0002996058902023145,ground,kg,2016
RMPA,Vanadium compounds,1.488701963193906e-07,water,kg,2016
RMPA,Vinyl acetate,7.340840715059606e-07,air,kg,2016
RMPA,Vinyl chloride,2.0649260571281377e-09,air,kg,2016
RMPA,Volatile organic compounds,0.02152206288299014,air,kg,2016
RMPA,Xylene,5.0800739971212466e-05,air,kg,2016
RMPA,Zinc,2.7745115789751806e-05,air,kg,2016
RMPA,Zinc compounds,2.5769944328391064e-05,air,kg,2016
RMPA,Zinc compounds,0.0002549833322193386,ground,kg,2016
RMPA,Zinc compounds,5.903473302320662e-09,water,kg,2016
SPNO,"1,1,1-Trichloroethane",2.4998844583917804e-06,air,kg,2016
SPNO,"1,1,2,2-Tetrachloroethane",7.0125862378518055e-06,air,kg,2016
SPNO,"1,1-Dichloroethane",8.75300094601153e-06,air,kg,2016
SPNO,"1,1-Dichloroethylene",7.294591381849114e-07,air,kg,2016
SPNO,"1,2,4-Trimethylbenzene",7.985708686297369e-06,air,kg,2016
SPNO,"1,2-Dichloroethane",7.2846552729023665e-06,air,kg,2016
SPNO,"1,2-Dichloropropane",7.642186081179369e-07,air,kg,2016
SPNO,"1,3-Butadiene",2.6474242405081264e-07,air,kg,2016
SPNO,"2,2,4-Trimethylpentane",1.620013304320073e-07,air,kg,2016
SPNO,"2,4-Dinitrotoluene",5.490591583969452e-08,air,kg,2016
SPNO,2-Chloroacetophenone,9.993654128735705e-07,air,kg,2016
SPNO,2-Methylnaphthalene,3.3700768044084224e-07,air,kg,2016
SPNO,5-Methylchrysene,1.2789502677853247e-10,air,kg,2016
SPNO,Acenaphthene,2.0475307646601564e-08,air,kg,2016
SPNO,Acenaphthylene,6.701049399393083e-08,air,kg,2016
SPNO,Acetaldehyde,0.00010564986551523162,air,kg,2016
SPNO,Acetophenone,2.1729116760527875e-06,air,kg,2016
SPNO,Acrolein,5.103505691319975e-05,air,kg,2016
SPNO,Acrylonitrile,1.2634548484821339e-05,air,kg,2016
SPNO,Ammonia,0.004072932803132646,air,kg,2016
SPNO,Anthracene,2.5342344165923373e-09,air,kg,2016
SPNO,Antimony,1.7727971814245647e-06,air,kg,2016
SPNO,Arsenic,5.018048630819849e-06,air,kg,2016
SPNO,Barium compounds,9.04715530378657e-05,air,kg,2016
SPNO,Barium compounds,4.1551415939812814e-05,water,kg,2016
SPNO,Benz[a]anthracene,1.136013548944521e-09,air,kg,2016
SPNO,Benzene,5.1594146539478774e-05,air,kg,2016
SPNO,Benzo(b)fluoranthene,2.8318942799205363e-09,air,kg,2016
SPNO,Benzo[a]pyrene,2.326424612506818e-10,air,kg,2016
SPNO,Benzo[e]pyrene,4.193367676281738e-09,air,kg,2016
SPNO,Benzo[ghi]perylene,7.251071947140352e-09,air,kg,2016
SPNO,Benzyl chloride,0.00011062937572078215,air,kg,2016
SPNO,Beryllium,6.049602213521619e-07,air,kg,2016
SPNO,Biphenyl,3.8333247645708927e-07,air,kg,2016
SPNO,COMPRESSED GAS,4.179976128618646e-05,waste,kg,2016
SPNO,CONT. DEBRIS,6.54965526796716e-06,waste,kg,2016
SPNO,CORROSIVE WASTE,0.0009765922699719039,waste,kg,2016
SPNO,Cadmium,1.1537780314509859e-06,air,kg,2016
SPNO,Carbon dioxide,640.0899268232678,air,kg,2016
SPNO,Carbon disulfide,2.181626801975796e-05,air,kg,2016
SPNO,Carbon monoxide,0.22887349384750996,air,kg,2016
SPNO,Carbon tetrachloride,2.3157794516323232e-08,air,kg,2016
SPNO,Carbonyl sulfide,1.106278214922815e-06,air,kg,2016
SPNO,Chlorine,5.950776523805226e-05,air,kg,2016
SPNO,Chlorobenzene,4.103352426462763e-06,air,kg,2016
SPNO,Chloroethane,9.075861650251665e-06,air,kg,2016
SPNO,Chloroform,9.369592123828659e-06,air,kg,2016
SPNO,Chloromethane,8.845801895267825e-05,air,kg,2016
SPNO,Chromium compounds,7.465365816484475e-06,air,kg,2016
SPNO,Chromium compounds,2.6389200095480007e-07,water,kg,2016
SPNO,Chromium(III),1.5736115237604923e-05,air,kg,2016
SPNO,Chromium(VI),2.6845235284858154e-06,air,kg,2016
SPNO,Chrysene,9.197647374836144e-09,air,kg,2016
SPNO,Cobalt,1.3289276451162698e-06,air,kg,2016
SPNO,Cobalt compounds,3.923657382617422e-07,air,kg,2016
SPNO,Copper compounds,6.19713920219929e-06,air,kg,2016
SPNO,Copper compounds,4.670193964265869e-07,water,kg,2016
SPNO,Cumene,7.553419149108401e-07,air,kg,2016
SPNO,Cyanide,0.00035334840465755927,air,kg,2016
SPNO,DRIED PAINT,7.172226296535915e-05,waste,kg,2016
SPNO,Di(2-ethylhexyl) phthalate,1.0516196679652644e-05,air,kg,2016
SPNO,Dibutyl phthalate,8.978991697188076e-08,air,kg,2016
SPNO,Dimethyl sulfate,6.8560334408059386e-06,air,kg,2016
SPNO,Dioxins,7.812592133530265e-11,air,kg,2016
SPNO,"ETHENE, TRICHLORO- (OR) TRICHLOROETHYLENE",3.9120831720492284e-06,waste,kg,2016
SPNO,Ethylbenzene,4.154870700510044e-05,air,kg,2016
SPNO,Ethylene dibromide,1.8018743452639753e-07,air,kg,2016
SPNO,Ethylene glycol,2.5735360818073303e-07,ground,kg,2016
SPNO,"FORMIC ACID (C,T)",4.929456980226541e-07,waste,kg,2016
SPNO,Fluoranthene,2.9184637175377984e-07,air,kg,2016
SPNO,Fluorene,7.63514991378008e-08,air,kg,2016
SPNO,Formaldehyde,0.00015454965624130156,air,kg,2016
SPNO,Heat,10820.560639053989,input,MJ,2016
SPNO,Hexane,0.00012014022806319916,air,kg,2016
SPNO,Hydrochloric acid,0.0004998693640641,air,kg,2016
SPNO,Hydrofluoric acid,0.0005742778732242678,air,kg,2016
SPNO,Hydrogen cyanide,1.244227636080746e-07,air,kg,2016
SPNO,IGNITABLE WASTE,2.459997725257007e-07,waste,kg,2016
SPNO,"Indeno[1,2,3-cd]pyrene",3.5532826444352466e-10,air,kg,2016
SPNO,Isophorone,9.499278207157557e-05,air,kg,2016
SPNO,LAB PACKS/NO ACUTE,3.6994581175980375e-07,waste,kg,2016
SPNO,LEAD,1.2299988626285035e-07,waste,kg,2016
SPNO,Lead,4.646064334044968e-06,air,kg,2016
SPNO,Lead compounds,3.483837381026088e-06,air,kg,2016
SPNO,MERCURY,1.8934060575933652e-05,waste,kg,2016
SPNO,"METAL SCALE, ETC.",0.0010802413271979456,waste,kg,2016
SPNO,Manganese,2.0561440758424182e-05,air,kg,2016
SPNO,Manganese compounds,1.0648273722737546e-05,air,kg,2016
SPNO,Manganese compounds,3.987315540742483e-06,water,kg,2016
SPNO,Mercury,3.682641248076182e-06,air,kg,2016
SPNO,Mercury compounds,4.201438436254053e-06,air,kg,2016
SPNO,Methane,0.06728977263227069,air,kg,2016
SPNO,Methanol,1.6332436426511193e-06,air,kg,2016
SPNO,Methyl bromide,2.306592250899471e-05,air,kg,2016
SPNO,Methyl hydrazine,2.7990355072412866e-05,air,kg,2016
SPNO,Methyl isobutyl ketone,7.500688895490199e-06,air,kg,2016
SPNO,Methyl methacrylate,2.8644913560117283e-06,air,kg,2016
SPNO,Methyl tert-butyl ether,5.048958319573283e-06,air,kg,2016
SPNO,Methylene chloride,8.839616825609524e-05,air,kg,2016
SPNO,Naphthalene,1.1943236344164038e-06,air,kg,2016
SPNO,Nickel,8.833270290468216e-06,air,kg,2016
SPNO,Nickel compounds,5.144736597561782e-06,air,kg,2016
SPNO,Nickel compounds,6.770913182392896e-09,water,kg,2016
SPNO,Nitrogen dioxide,0.00025029669094148366,air,kg,2016
SPNO,Nitrogen oxides,0.37692575483599844,air,kg,2016
SPNO,Nitrous oxide,0.009751156733335384,air,kg,2016
SPNO,OTH INORGANIC LIQUID,3.9120831720492284e-07,waste,kg,2016
SPNO,"PAH/POM, unspecified",2.737510845337259e-08,air,kg,2016
SPNO,PAINT THINNER,0.00011966327780972772,waste,kg,2016
SPNO,"PAINT, INK, ETC.",9.854940117973821e-06,waste,kg,2016
SPNO,"Particulate matter, ≤ 10μm",0.040980871385423744,air,kg,2016
SPNO,"Particulate matter, ≤ 2.5μm",0.030305156059590572,air,kg,2016
SPNO,Phenanthrene,1.6433876698898775e-07,air,kg,2016
SPNO,Phenol,3.271276915592772e-06,air,kg,2016
SPNO,Polycyclic aromatic hydrocarbons,1.0214617340615816e-06,air,kg,2016
SPNO,Propionaldehyde,6.028740058986687e-05,air,kg,2016
SPNO,Propylene oxide,5.620148649241008e-06,air,kg,2016
SPNO,Pyrene,1.9841757936345245e-08,air,kg,2016
SPNO,REACTIVE WASTE,1.2299988626285035e-07,waste,kg,2016
SPNO,SELENIUM,0.003868087366283115,waste,kg,2016
SPNO,SPENT ACID,5.844976336937458e-07,waste,kg,2016
SPNO,SPENT FILTERS,1.1069989763656532e-06,waste,kg,2016
SPNO,Selenium,2.689123408622255e-05,air,kg,2016
SPNO,Selenium compounds,5.219968966255036e-06,air,kg,2016
SPNO,Steam,92.5820338902602,output,MJ,2016
SPNO,Styrene,3.5153909914471676e-06,air,kg,2016
SPNO,Sulfur dioxide,0.20787567239857846,air,kg,2016
SPNO,Sulfuric acid,0.0009137827669377794,air,kg,2016
SPNO,TRICHLORETHYLENE,1.2299988626285035e-07,waste,kg,2016
SPNO,Tetrachloroethylene,3.041278252109308e-05,air,kg,2016
SPNO,Thallium compounds,2.0312739547178686e-07,air,kg,2016
SPNO,Toluene,0.00020057115331775392,air,kg,2016
SPNO,Tribromomethane,5.560399736407656e-06,air,kg,2016
SPNO,Trichloroethylene,1.3942838595121629e-05,air,kg,2016
SPNO,Vanadium compounds,4.346116068356465e-06,air,kg,2016
SPNO,Vanadium compounds,1.3541826364785792e-08,water,kg,2016
SPNO,Vinyl acetate,2.0934689266374585e-06,air,kg,2016
SPNO,Vinyl chloride,1.726585260634923e-05,air,kg,2016
SPNO,Volatile organic compounds,0.011755398435908952,air,kg,2016
SPNO,Xylene,7.27195473805707e-05,air,kg,2016
SPNO,Zinc,1.3715439523308685e-05,air,kg,2016
SPNO,Zinc compounds,2.7315136940935444e-05,air,kg,2016
SPNO,Zinc compounds,6.770913182392896e-09,water,kg,2016
SPNO,p-Dichlorobenzene,1.1611900278980505e-06,air,kg,2016
SPSO,"1,1,1-Trichloroethane",1.776029523556454e-07,air,kg,2016
SPSO,"1,2-Dichloroethane",3.2011093740767836e-06,air,kg,2016
SPSO,"1,3-Butadiene",5.089144672344641e-07,air,kg,2016
SPSO,"2,2,4-Trimethylpentane",1.020130989835076e-07,air,kg,2016
SPSO,"2,4-Dinitrotoluene",1.0239076567891142e-06,air,kg,2016
SPSO,2-Chloroacetophenone,5.591494172142863e-07,air,kg,2016
SPSO,2-Methylnaphthalene,1.1060874340871391e-07,air,kg,2016
SPSO,3-Methylcholanthrene,5.651182658434358e-10,air,kg,2016
SPSO,5-Methylchrysene,6.99964576931073e-10,air,kg,2016
SPSO,"7,12-Dimethylbenz[a]anthracene",5.041342803207629e-09,air,kg,2016
SPSO,Acenaphthene,1.686280095259678e-08,air,kg,2016
SPSO,Acenaphthylene,8.539839067694965e-09,air,kg,2016
SPSO,Acetaldehyde,6.491405512967877e-05,air,kg,2016
SPSO,Acetophenone,1.6652975331557503e-06,air,kg,2016
SPSO,Acrolein,2.553675160433859e-05,air,kg,2016
SPSO,Ammonia,0.006043620578432498,air,kg,2016
SPSO,Ammonia,3.621707263722965e-07,water,kg,2016
SPSO,Anthracene,7.477254323351648e-09,air,kg,2016
SPSO,Antimony,1.4118540063456627e-06,air,kg,2016
SPSO,Arsenic,7.117631823799191e-06,air,kg,2016
SPSO,Arsenic compounds,5.258440354059305e-07,air,kg,2016
SPSO,Arsenic compounds,2.845129648520829e-08,ground,kg,2016
SPSO,Arsenic compounds,2.475994100487527e-07,water,kg,2016
SPSO,Barium compounds,0.000838839721360705,air,kg,2016
SPSO,Barium compounds,0.0004695602103886774,ground,kg,2016
SPSO,Barium compounds,0.0001266290313190366,water,kg,2016
SPSO,Benz[a]anthracene,3.1212078154325283e-09,air,kg,2016
SPSO,Benzene,7.579230338582313e-05,air,kg,2016
SPSO,Benzo(b)fluoranthene,5.651182658434358e-10,air,kg,2016
SPSO,Benzo[a]pyrene,1.5918358504721291e-09,air,kg,2016
SPSO,Benzo[ghi]perylene,2.8594333927751673e-09,air,kg,2016
SPSO,Benzo[k]fluoranthene,5.651182658434358e-10,air,kg,2016
SPSO,Benzyl chloride,4.185888688626997e-05,air,kg,2016
SPSO,Beryllium,3.513219494959682e-07,air,kg,2016
SPSO,Beryllium compounds,3.412762613892794e-08,air,kg,2016
SPSO,Beryllium compounds,1.4208236188451634e-08,ground,kg,2016
SPSO,Biphenyl,1.824517736494587e-07,air,kg,2016
SPSO,CORROSIVE WASTE,0.0003502891669229089,waste,kg,2016
SPSO,Cadmium,5.641463398951669e-06,air,kg,2016
SPSO,Carbon dioxide,558.4175569625829,air,kg,2016
SPSO,Carbon disulfide,8.18535042270958e-06,air,kg,2016
SPSO,Carbon monoxide,0.771489778956875,air,kg,2016
SPSO,Chlorine,9.846675617256976e-06,air,kg,2016
SPSO,Chlorobenzene,1.3364199917947048e-06,air,kg,2016
SPSO,Chloroethane,3.3622760160482773e-06,air,kg,2016
SPSO,Chloroform,3.638254251794784e-06,air,kg,2016
SPSO,Chloromethane,4.7702165538440904e-05,air,kg,2016
SPSO,Chromium compounds,6.0122403116997395e-05,air,kg,2016
SPSO,Chromium compounds,1.1573370869732856e-07,ground,kg,2016
SPSO,Chromium compounds,5.084319812534163e-07,water,kg,2016
SPSO,Chromium(III),1.2083987803341601e-05,air,kg,2016
SPSO,Chromium(VI),2.147517014304841e-06,air,kg,2016
SPSO,Chrysene,3.758488997414551e-09,air,kg,2016
SPSO,Cobalt,1.7438473783981835e-06,air,kg,2016
SPSO,Cobalt compounds,2.618772944538144e-07,air,kg,2016
SPSO,Cobalt compounds,1.4208236188451634e-08,ground,kg,2016
SPSO,Cobalt compounds,8.531906534731985e-08,water,kg,2016
SPSO,Copper compounds,6.253908094558212e-05,air,kg,2016
SPSO,Copper compounds,6.33312930273995e-05,ground,kg,2016
SPSO,Copper compounds,5.745977870329705e-06,water,kg,2016
SPSO,Cumene,4.4375418472061526e-07,air,kg,2016
SPSO,Cyanide,0.00018065738983430782,air,kg,2016
SPSO,Di(2-ethylhexyl) phthalate,6.114668916525258e-06,air,kg,2016
SPSO,"Dibenz[a,h]anthracene",3.764744706266342e-10,air,kg,2016
SPSO,Dibenzofuran,1.0412408383203525e-06,air,kg,2016
SPSO,Dibutyl phthalate,2.664044285334681e-07,air,kg,2016
SPSO,Dimethyl phthalate,3.360526451435252e-07,air,kg,2016
SPSO,Dimethyl sulfate,3.844109046358473e-06,air,kg,2016
SPSO,Dioxins,3.2916177555091203e-10,air,kg,2016
SPSO,Ethylbenzene,3.574993156352929e-05,air,kg,2016
SPSO,Ethylene dibromide,2.4723955948273734e-07,air,kg,2016
SPSO,Fluoranthene,3.6714622619393246e-08,air,kg,2016
SPSO,Fluorene,4.219517340924581e-08,air,kg,2016
SPSO,Formaldehyde,0.0008463978718742634,air,kg,2016
SPSO,Heat,9880.52412802789,input,MJ,2016
SPSO,Hexane,0.007571538637037058,air,kg,2016
SPSO,Hydrochloric acid,0.0058307874393844624,air,kg,2016
SPSO,Hydrofluoric acid,0.0023709809278056517,air,kg,2016
SPSO,Hydrogen cyanide,3.2630189481811715e-05,air,kg,2016
SPSO,"Indeno[1,2,3-cd]pyrene",2.5152683309250323e-09,air,kg,2016
SPSO,Isophorone,4.7449932387708964e-05,air,kg,2016
SPSO,LEAD,0.0011573213542047881,waste,kg,2016
SPSO,Lead,2.4225834781148994e-05,air,kg,2016
SPSO,Lead compounds,3.193417504896026e-05,air,kg,2016
SPSO,Lead compounds,2.4577563340675566e-06,ground,kg,2016
SPSO,Lead compounds,1.7947845633271967e-06,water,kg,2016
SPSO,Manganese,1.3132564122899226e-05,air,kg,2016
SPSO,Manganese compounds,9.549787889062771e-05,air,kg,2016
SPSO,Manganese compounds,1.9327380109290824e-05,ground,kg,2016
SPSO,Manganese compounds,3.0401446550289888e-05,water,kg,2016
SPSO,Mercury,3.8022536308499426e-06,air,kg,2016
SPSO,Mercury compounds,1.4682021905918288e-05,air,kg,2016
SPSO,Mercury compounds,1.4068939755231519e-08,ground,kg,2016
SPSO,Mercury compounds,4.561958187958735e-09,water,kg,2016
SPSO,Methane,0.04056416132134349,air,kg,2016
SPSO,Methanol,4.2688789865871045e-07,air,kg,2016
SPSO,Methyl bromide,1.3173410420379044e-05,air,kg,2016
SPSO,Methyl hydrazine,1.3698617964278861e-05,air,kg,2016
SPSO,Methyl iodide,1.5844969278787973e-07,air,kg,2016
SPSO,Methyl isobutyl ketone,3.290878234825194e-06,air,kg,2016
SPSO,Methyl methacrylate,1.6806501361399572e-06,air,kg,2016
SPSO,Methyl tert-butyl ether,2.802732235727611e-06,air,kg,2016
SPSO,Methylene chloride,2.334828848739427e-05,air,kg,2016
SPSO,Naphthalene,4.5940048202072915e-06,air,kg,2016
SPSO,Nickel,1.5310392017383677e-05,air,kg,2016
SPSO,Nickel compounds,4.353013538128564e-06,air,kg,2016
SPSO,Nickel compounds,2.845129648520829e-08,ground,kg,2016
SPSO,Nickel compounds,1.2327734339980093e-06,water,kg,2016
SPSO,Nitrogen oxides,0.6039484195013578,air,kg,2016
SPSO,Nitrous oxide,0.006236266845549559,air,kg,2016
SPSO,"PAH/POM, unspecified",1.6019089820313116e-07,air,kg,2016
SPSO,"PAINT, INK, ETC.",2.5653929909871077e-05,waste,kg,2016
SPSO,"Particulate matter, ≤ 10μm",0.0955267054084262,air,kg,2016
SPSO,"Particulate matter, ≤ 2.5μm",0.08107972350969413,air,kg,2016
SPSO,Phenanthrene,1.5906753550269496e-07,air,kg,2016
SPSO,Phenol,3.650686682868785e-06,air,kg,2016
SPSO,Phosphorus,1.1526779848964437e-06,air,kg,2016
SPSO,Polycyclic aromatic hydrocarbons,2.0708710894366705e-07,air,kg,2016
SPSO,Propionaldehyde,2.417038409339112e-05,air,kg,2016
SPSO,Propylene oxide,2.865472829985142e-05,air,kg,2016
SPSO,Pyrene,3.3413494498372635e-08,air,kg,2016
SPSO,Selenium,2.4670118406766057e-05,air,kg,2016
SPSO,Selenium compounds,9.506981567272783e-06,air,kg,2016
SPSO,Selenium compounds,1.4208236188451634e-08,ground,kg,2016
SPSO,Selenium compounds,7.974720801851529e-08,water,kg,2016
SPSO,Steam,668.802692343392,output,MJ,2016
SPSO,Styrene,1.601936990710239e-06,air,kg,2016
SPSO,Sulfur dioxide,0.7190820730198989,air,kg,2016
SPSO,Sulfuric acid,0.0011846450928045963,air,kg,2016
SPSO,"THE FOLLOWING SPENT NONHALOGENATED SOLVENTS: XYLENE, ACETONE, ETHYL ACETATE, ETHYL BENZENE, ETHYL ETHER, METHYL ISOBUTYL KETONE, N-BUTYL ALCOHOL, CYCLOHEXANONE, AND METHANOL; ALL SPENT SOLVENT MIXTURES/BLENDS CONTAINING, BEFORE USE, ONLY THE ABOVE SPENT NONHALOGENATED SOLVENTS; AND ALL SPENT SOLVENT MIXTURES/BLENDS CONTAINING, BEFORE USE, ONE OR MORE OF THE ABOVE NONHALOGENATED SOLVENTS, AND A TOTAL OF TEN PERCENT OR MORE (BY VOLUME) OF ONE OR MORE OF THOSE SOLVENTS LISTED IN F001, F002, F004, AND F005; AND STILL BOTTOMS FROM THE RECOVERY OF THESE SPENT SOLVENTS AND SPENT SOLVENT MIXTURES.",2.7076889572066782e-05,waste,kg,2016
SPSO,Tetrachloroethylene,2.6900487577901816e-06,air,kg,2016
SPSO,Thallium compounds,5.119143920839191e-08,air,kg,2016
SPSO,Thallium compounds,1.4208236188451634e-08,ground,kg,2016
SPSO,Toluene,0.0001486900578280147,air,kg,2016
SPSO,Tribromomethane,3.2704729987544014e-06,air,kg,2016
SPSO,Vanadium compounds,7.306470406289898e-05,air,kg,2016
SPSO,Vanadium compounds,5.73423833682464e-05,ground,kg,2016
SPSO,Vanadium compounds,2.0784347516412893e-06,water,kg,2016
SPSO,Vinyl acetate,6.289683889838067e-07,air,kg,2016
SPSO,Vinyl chloride,3.1833640442835265e-09,air,kg,2016
SPSO,Volatile organic compounds,0.041073515886303535,air,kg,2016
SPSO,Xylene,6.308058095964199e-05,air,kg,2016
SPSO,Zinc compounds,0.00043684165154413384,air,kg,2016
SPSO,Zinc compounds,9.402509242357698e-06,ground,kg,2016
SPSO,Zinc compounds,4.283365321518507e-06,water,kg,2016
SRMV,"1,1,2,2-Tetrachloroethane",1.4276362487129055e-05,air,kg,2016
SRMV,"1,1,2-Trichloroethane",2.9462223649432622e-08,air,kg,2016
SRMV,"1,1-Dichloroethane",1.784511205719379e-05,air,kg,2016
SRMV,"1,2,3-Trichloropropane",3.022518960051355e-07,air,kg,2016
SRMV,"1,2,4-Trimethylbenzene",2.183256413862338e-05,air,kg,2016
SRMV,"1,2-Dichloroethane",1.4977853440427335e-06,air,kg,2016
SRMV,"1,2-Dichloropropane",3.920471194785058e-06,air,kg,2016
SRMV,"1,2-Dichloropropane",1.038807487240951e-05,water,kg,2016
SRMV,"1,3-Butadiene",1.7738699472784095e-05,air,kg,2016
SRMV,"1,4-Dioxane",3.427477811009692e-07,air,kg,2016
SRMV,"1,4-Dioxane",1.0505454249498885e-05,water,kg,2016
SRMV,1-Butanol,4.078933353855712e-06,air,kg,2016
SRMV,1-Methylnaphthalene,9.225490991519392e-10,air,kg,2016
SRMV,"2,2,4-Trimethylpentane",2.304978984328908e-08,air,kg,2016
SRMV,"2,4-Dinitrotoluene",9.253641081371392e-09,air,kg,2016
SRMV,2-Chloroacetophenone,2.491903347177167e-07,air,kg,2016
SRMV,2-Methylnaphthalene,1.5959756429741868e-08,air,kg,2016
SRMV,2-Propen-1-ol,5.816148134778432e-06,air,kg,2016
SRMV,3-Methylcholanthrene,1.052658155328502e-09,air,kg,2016
SRMV,5-Methylchrysene,2.4499049761573274e-10,air,kg,2016
SRMV,"7,12-Dimethylbenz[a]anthracene",9.344311641612796e-09,air,kg,2016
SRMV,Acenaphthene,1.32642341808694e-08,air,kg,2016
SRMV,Acenaphthylene,7.274079596741514e-09,air,kg,2016
SRMV,Acetaldehyde,0.00011159363255947493,air,kg,2016
SRMV,Acetaldehyde,3.286622558502444e-05,water,kg,2016
SRMV,Acetophenone,4.955807780341108e-07,air,kg,2016
SRMV,Acrolein,2.175281642009702e-05,air,kg,2016
SRMV,Acrylonitrile,2.498316051934257e-05,air,kg,2016
SRMV,Ammonia,0.01527295965497433,air,kg,2016
SRMV,Ammonia,0.0011684794195960088,water,kg,2016
SRMV,Anthracene,6.4701548793978384e-09,air,kg,2016
SRMV,Antimony,8.597536806939174e-07,air,kg,2016
SRMV,Antimony compounds,1.889807971138905e-08,air,kg,2016
SRMV,Arsenic,1.1510388530460446e-05,air,kg,2016
SRMV,"BENZENE (I,T)",0.041787588798601234,waste,kg,2016
SRMV,Barium compounds,3.2906283672324827e-05,air,kg,2016
SRMV,Barium compounds,2.295910949084581e-06,water,kg,2016
SRMV,Benz[a]anthracene,1.96143265023287e-09,air,kg,2016
SRMV,Benzene,0.00013694837443010047,air,kg,2016
SRMV,Benzo(b)fluoranthene,1.0609737928506743e-09,air,kg,2016
SRMV,Benzo[a]pyrene,1.1303950006947955e-09,air,kg,2016
SRMV,Benzo[ghi]perylene,1.018287295732828e-09,air,kg,2016
SRMV,Benzo[k]fluoranthene,1.0609737928506743e-09,air,kg,2016
SRMV,Benzyl chloride,2.495935190795072e-05,air,kg,2016
SRMV,Beryllium,5.517336589235624e-07,air,kg,2016
SRMV,Biphenyl,4.558146015858344e-07,air,kg,2016
SRMV,Bis(2-chloro-1-methylethyl) ether,1.9074148777023112e-06,air,kg,2016
SRMV,"CARBON TETRACHLORIDE (OR) METHANE, TETRACHLORO-",0.0007352022070179751,waste,kg,2016
SRMV,CFC-113,5.287940937876254e-07,air,kg,2016
SRMV,CHLOROFORM,0.0001307025232859023,waste,kg,2016
SRMV,CHROMIUM,0.0019006338710878582,waste,kg,2016
SRMV,CONTAMINATED SOIL,0.0009165521708272855,waste,kg,2016
SRMV,CORROSIVE WASTE,5.8816458271943025e-05,waste,kg,2016
SRMV,Cadmium,1.963124174341511e-06,air,kg,2016
SRMV,Carbon dioxide,383.29964979376706,air,kg,2016
SRMV,Carbon disulfide,4.633820269189002e-06,air,kg,2016
SRMV,Carbon monoxide,0.18367265969220334,air,kg,2016
SRMV,Carbon tetrachloride,5.223382280477099e-08,air,kg,2016
SRMV,Chlorine,1.2207455217294793e-05,air,kg,2016
SRMV,Chlorobenzene,7.237719272419076e-07,air,kg,2016
SRMV,Chloroethane,2.236946727552671e-06,air,kg,2016
SRMV,Chloroform,2.218471721852262e-06,air,kg,2016
SRMV,Chloroform,4.665830239302577e-06,water,kg,2016
SRMV,Chloromethane,4.102471956199451e-05,air,kg,2016
SRMV,Chromium compounds,1.44194407168117e-06,air,kg,2016
SRMV,Chromium compounds,1.6659353837869827e-07,water,kg,2016
SRMV,Chromium(III),1.5039883811625932e-05,air,kg,2016
SRMV,Chromium(VI),3.1563432811866216e-06,air,kg,2016
SRMV,Chrysene,2.1826240709373596e-09,air,kg,2016
SRMV,Cobalt,2.5718061706170125e-06,air,kg,2016
SRMV,Copper compounds,2.1419169220118347e-06,air,kg,2016
SRMV,Copper compounds,1.6939342978002092e-06,water,kg,2016
SRMV,Cumene,7.895770250223841e-07,air,kg,2016
SRMV,Cyanide,8.91454702170993e-05,air,kg,2016
SRMV,Cyclohexane,8.862142970247661e-06,air,kg,2016
SRMV,Di(2-ethylhexyl) phthalate,2.603899003230074e-06,air,kg,2016
SRMV,"Dibenz[a,h]anthracene",6.978712300671036e-10,air,kg,2016
SRMV,Dichlorobromomethane,3.77961594227781e-08,water,kg,2016
SRMV,Dicyclopentadiene,3.327705340483725e-05,air,kg,2016
SRMV,Diisocyanates,1.7020009677959084e-07,air,kg,2016
SRMV,Dimethyl sulfate,1.7079337548068226e-06,air,kg,2016
SRMV,Dioxins,3.6259602663487336e-11,air,kg,2016
SRMV,Dioxins,3.0636017420326353e-10,water,kg,2016
SRMV,"ETHANE, 1,2-DICHLORO- (OR) ETHYLENE DICHLORIDE",0.0007140175770408851,waste,kg,2016
SRMV,Epichlorohydrin,1.7665596251950638e-06,air,kg,2016
SRMV,Epichlorohydrin,0.0018144022855029213,water,kg,2016
SRMV,Ethylbenzene,0.000105192922124605,air,kg,2016
SRMV,Ethylene,0.007840620770076892,air,kg,2016
SRMV,Ethylene dibromide,3.9618463328715636e-08,air,kg,2016
SRMV,Ethylene glycol,1.2383524282928852e-05,air,kg,2016
SRMV,Ethylene glycol,0.00013730804773160675,water,kg,2016
SRMV,Ethylene oxide,1.4378973693448193e-05,air,kg,2016
SRMV,Fluoranthene,3.278083516321302e-08,air,kg,2016
SRMV,Fluorene,2.3525059598373855e-08,air,kg,2016
SRMV,Formaldehyde,0.0007866112179861139,air,kg,2016
SRMV,Formic acid,3.9087332570761205e-06,air,kg,2016
SRMV,Glycidol,6.6906244940942604e-06,air,kg,2016
SRMV,"Glycol ethers, subset",5.61073422487203e-06,air,kg,2016
SRMV,HALOGENATED SOLVENT,0.04053240827591193,waste,kg,2016
SRMV,HCFC-22,0.00010747725283811351,air,kg,2016
SRMV,HEAVY ENDS FROM THE DISTILLATION OF ETHYLENE DICHLORIDE IN ETHYLENE DICHLORIDE PRODUCTION.,0.004917686473548161,waste,kg,2016
SRMV,HEAVY ENDS OR DISTILLATION RESIDUES FROM THE PRODUCTION OF CARBON TETRACHLORIDE.,0.3734693475458027,waste,kg,2016
SRMV,Heat,8980.850081460248,input,MJ,2016
SRMV,Hexachlorobenzene,1.561145715288661e-11,air,kg,2016
SRMV,Hexachlorobenzene,5.417058252674564e-07,water,kg,2016
SRMV,Hexane,0.0014480077329427018,air,kg,2016
SRMV,Hydrochloric acid,0.0005967003479886048,air,kg,2016
SRMV,Hydrofluoric acid,0.0033776221130281383,air,kg,2016
SRMV,IGNITABLE WASTE,0.5079734560850957,waste,kg,2016
SRMV,"Indeno[1,2,3-cd]pyrene",1.7399754698986845e-09,air,kg,2016
SRMV,Isophorone,2.0673138156235926e-05,air,kg,2016
SRMV,Isoprene,7.160142002451753e-06,air,kg,2016
SRMV,LAB PACKS/NO ACUTE,0.0007756112313747627,waste,kg,2016
SRMV,"LEACHATE RESULTING FROM THE TREATMENT, STORAGE, OR DISPOSAL OF WASTES CLASSIFIED BY MORE THAN ONE WASTE CODE UNDER SUBPART D, OR FROM A MIXTURE OF WASTES CLASSIFIED UNDER SUBPARTS C AND D OF THIS PART.  (LEACHATE RESULTING FROM THE MANAGEMENT OF ONE OR MORE OF THE FOLLOWING EPA HAZARDOUS WASTES AND NO OTHER HAZARDOUS WASTES RETAINS ITS HAZARDOUS WASTE CODE(S): F020, F021, F022, F023, F026, F027, AND/OR F028.)",4.900588993481323e-05,waste,kg,2016
SRMV,LEAD,0.000321310785463137,waste,kg,2016
SRMV,Lead,1.0022624631084486e-05,air,kg,2016
SRMV,Lead compounds,8.987651398245739e-07,air,kg,2016
SRMV,Lead compounds,4.521824613136096e-08,water,kg,2016
SRMV,METHANOL (I) (OR) METHYL ALCOHOL (I),2.588215264820675e-05,waste,kg,2016
SRMV,Manganese,1.1713063648154143e-05,air,kg,2016
SRMV,Manganese compounds,3.163877283494606e-06,air,kg,2016
SRMV,Manganese compounds,5.2077980064601474e-08,water,kg,2016
SRMV,Mercury,7.788166227674902e-07,air,kg,2016
SRMV,Mercury compounds,1.0656471534263732e-06,air,kg,2016
SRMV,Mercury compounds,3.6678577357326847e-10,water,kg,2016
SRMV,Methane,0.02131944385293135,air,kg,2016
SRMV,Methanol,8.11130705260963e-05,air,kg,2016
SRMV,Methanol,0.0007533625573443574,water,kg,2016
SRMV,Methyl bromide,5.277795291493214e-06,air,kg,2016
SRMV,Methyl hydrazine,6.327754566989212e-06,air,kg,2016
SRMV,Methyl isobutyl ketone,2.7539966535396713e-05,air,kg,2016
SRMV,Methyl methacrylate,6.62174316412809e-07,air,kg,2016
SRMV,Methyl tert-butyl ether,1.1563551487462587e-06,air,kg,2016
SRMV,Methylene chloride,9.975196646967992e-05,air,kg,2016
SRMV,Naphthalene,5.50822640770284e-06,air,kg,2016
SRMV,Nickel,1.2836049476288806e-05,air,kg,2016
SRMV,Nickel compounds,6.481748594061958e-07,air,kg,2016
SRMV,Nickel compounds,1.6659353837869827e-07,water,kg,2016
SRMV,Nitrate compounds,0.0007116107129136676,water,kg,2016
SRMV,Nitrogen dioxide,0.021864025587102338,air,kg,2016
SRMV,Nitrogen oxides,0.3697372148265301,air,kg,2016
SRMV,Nitrous oxide,0.0029900257414666844,air,kg,2016
SRMV,OTH INORGANIC SOLIDS,0.14409588406511578,waste,kg,2016
SRMV,OTH ORGANIC LIQUID,0.04713103903079994,waste,kg,2016
SRMV,OTH ORGANIC SOLIDS,0.00039798945044365537,waste,kg,2016
SRMV,OTHER ORGANIC SLUDGE,0.0005415990100343051,waste,kg,2016
SRMV,"PAH/POM, unspecified",9.015650312258966e-07,air,kg,2016
SRMV,"PAINT, INK SLUDGE",5.8102791659239635e-05,waste,kg,2016
SRMV,"PAINT, INK, ETC.",0.004321736703643278,waste,kg,2016
SRMV,"PROPANE, 1,2-DICHLORO- (OR) PROPYLENE DICHLORIDE",2.5588704205483317e-05,waste,kg,2016
SRMV,"Particulate matter, ≤ 10μm",0.0371701412455261,air,kg,2016
SRMV,"Particulate matter, ≤ 2.5μm",0.029878765219280404,air,kg,2016
SRMV,Pentachlorobenzene,3.0225189600513554e-11,air,kg,2016
SRMV,Pentachlorobenzene,2.494311763149176e-08,water,kg,2016
SRMV,Phenanthrene,6.482768320727752e-08,air,kg,2016
SRMV,Phenol,3.2135222857050872e-06,air,kg,2016
SRMV,Phosphorus,1.331348361328925e-06,air,kg,2016
SRMV,Polycyclic aromatic hydrocarbons,1.4420652427598265e-06,air,kg,2016
SRMV,Propionaldehyde,1.3855890101312411e-05,air,kg,2016
SRMV,Propylene,0.0011793616616459644,air,kg,2016
SRMV,Propylene oxide,0.00010279119278952604,air,kg,2016
SRMV,Pyrene,1.1123141315104144e-08,air,kg,2016
SRMV,"SOLID RESINS, ETC.",0.0005648530384294808,waste,kg,2016
SRMV,SPENT FILTERS,0.0016372140075083146,waste,kg,2016
SRMV,Selenium,3.540167782734154e-05,air,kg,2016
SRMV,Silver compounds,1.889807971138905e-08,air,kg,2016
SRMV,Steam,1747.0371908817235,output,MJ,2016
SRMV,Styrene,2.224987745171751e-06,air,kg,2016
SRMV,Sulfur dioxide,0.3161142456553293,air,kg,2016
SRMV,Sulfuric acid,0.00017728389594660023,air,kg,2016
SRMV,TETRACHLOROETHYLENE,0.05076380926406074,waste,kg,2016
SRMV,"THE FOLLOWING SPENT HALOGENATED SOLVENTS: TETRACHLOROETHYLENE, METHYLENE CHLORIDE, TRICHLOROETHYLENE, 1,1,1-TRICHLOROETHANE, CHLOROBENZENE, 1,1,2-TRICHLORO-1,2,2-TRIFLUOROETHANE, ORTHO-DICHLOROBENZENE, TRICHLOROFLUOROMETHANE, AND 1,1,2, TRICHLOROETHANE; ALL SPENT SOLVENT MIXTURES/BLENDS CONTAINING, BEFORE USE, A TOTAL OF TEN PERCENT OR MORE (BY VOLUME) OF ONE OR MORE OF THE ABOVE HALOGENATED SOLVENTS OR THOSE SOLVENTS LISTED IN F001, F004, AND F005; AND STILL BOTTOMS FROM THE RECOVERY OF THESE SPENT SOLVENTS AND SPENT SOLVENT MIXTURES.",2.1245667253176513e-05,waste,kg,2016
SRMV,"THE FOLLOWING SPENT NONHALOGENATED SOLVENTS: TOLUENE, METHYL ETHYL KETONE, CARBON DISULFIDE, ISOBUTANOL, PYRIDINE, BENZENE, 2-ETHOXYETHANOL, AND 2-NITROPROPANE; ALL SPENT SOLVENT MIXTURES/BLENDS CONTAINING, BEFORE USE, A TOTAL OF TEN PERCENT OR MORE (BY VOLUME) OF ONE OR MORE OF THE ABOVE NONHALOGENATED SOLVENTS OR THOSE SOLVENTS LISTED IN F001, F002, OR F004; AND STILL BOTTOMS FROM THE RECOVERY OF THESE SPENT SOLVENTS AND SPENT SOLVENT MIXTURES.",0.00010129429414993077,waste,kg,2016
SRMV,"THE FOLLOWING SPENT NONHALOGENATED SOLVENTS: XYLENE, ACETONE, ETHYL ACETATE, ETHYL BENZENE, ETHYL ETHER, METHYL ISOBUTYL KETONE, N-BUTYL ALCOHOL, CYCLOHEXANONE, AND METHANOL; ALL SPENT SOLVENT MIXTURES/BLENDS CONTAINING, BEFORE USE, ONLY THE ABOVE SPENT NONHALOGENATED SOLVENTS; AND ALL SPENT SOLVENT MIXTURES/BLENDS CONTAINING, BEFORE USE, ONE OR MORE OF THE ABOVE NONHALOGENATED SOLVENTS, AND A TOTAL OF TEN PERCENT OR MORE (BY VOLUME) OF ONE OR MORE OF THOSE SOLVENTS LISTED IN F001, F002, F004, AND F005; AND STILL BOTTOMS FROM THE RECOVERY OF THESE SPENT SOLVENTS AND SPENT SOLVENT MIXTURES.",0.0005865823087162655,waste,kg,2016
SRMV,TRICHLORETHYLENE,0.00014159474258291065,waste,kg,2016
SRMV,Tetrachloroethylene,4.9671714190323423e-05,air,kg,2016
SRMV,Thallium,1.889807971138905e-08,air,kg,2016
SRMV,Toluene,0.0006839283182860809,air,kg,2016
SRMV,Tribromomethane,1.285150153207101e-06,air,kg,2016
SRMV,Tribromomethane,2.265421977824899e-07,water,kg,2016
SRMV,Trichloroethylene,2.7402953267584897e-05,air,kg,2016
SRMV,Triethylene glycol monomethyl ether,1.1561868643303243e-06,air,kg,2016
SRMV,Vanadium compounds,2.421906062144101e-06,air,kg,2016
SRMV,Vanadium compounds,3.1218789124747656e-08,water,kg,2016
SRMV,Vinyl acetate,2.505902804183781e-07,air,kg,2016
SRMV,Vinyl chloride,3.939371296493292e-05,air,kg,2016
SRMV,Volatile organic compounds,0.01823522403931184,air,kg,2016
SRMV,Xylene,0.00037235792185247004,air,kg,2016
SRMV,Zinc compounds,1.3551474382401673e-05,air,kg,2016
SRMV,Zinc compounds,1.6939342978002095e-07,water,kg,2016
SRMV,m-Xylene,1.0537372738019855e-09,air,kg,2016
SRMV,o-Xylene,6.199699221365096e-10,air,kg,2016
SRMV,p-Dichlorobenzene,4.677568177011514e-09,air,kg,2016
SRMW,"1,2-Dichloroethane",6.581973514545943e-06,air,kg,2016
SRMW,"1,3-Butadiene",3.8814057276214547e-08,air,kg,2016
SRMW,1-Methylnaphthalene,4.657525472798267e-10,air,kg,2016
SRMW,"2,2,4-Trimethylpentane",8.112651866617407e-11,air,kg,2016
SRMW,"2,4-Dinitrotoluene",4.62169009825726e-08,air,kg,2016
SRMW,2-Chloroacetophenone,1.1518453650455401e-06,air,kg,2016
SRMW,2-Methylnaphthalene,4.716131757108343e-10,air,kg,2016
SRMW,5-Methylchrysene,1.3664749361720385e-10,air,kg,2016
SRMW,Acenaphthene,6.68794852303108e-09,air,kg,2016
SRMW,Acenaphthylene,8.57977588431781e-09,air,kg,2016
SRMW,Acetaldehyde,8.81054790669043e-05,air,kg,2016
SRMW,Acetophenone,2.468240067954729e-06,air,kg,2016
SRMW,Acrolein,4.96803549541287e-05,air,kg,2016
SRMW,Ammonia,0.001274148917771719,air,kg,2016
SRMW,Ammonia,4.206739594079364e-05,water,kg,2016
SRMW,Anthracene,2.379195131817859e-09,air,kg,2016
SRMW,Antimony,2.1248327541523317e-06,air,kg,2016
SRMW,Antimony compounds,1.3378576600218384e-07,air,kg,2016
SRMW,Arsenic,6.068551715063775e-06,air,kg,2016
SRMW,Arsenic compounds,2.0604438828143823e-07,air,kg,2016
SRMW,Arsenic compounds,3.3553756286109214e-05,ground,kg,2016
SRMW,Barium compounds,0.00010471562145690719,air,kg,2016
SRMW,Barium compounds,0.0005241554608308663,ground,kg,2016
SRMW,Barium compounds,5.83792433464075e-05,water,kg,2016
SRMW,Benz[a]anthracene,1.0840003296054903e-09,air,kg,2016
SRMW,Benzene,0.0001776577145075088,air,kg,2016
SRMW,Benzo(b)fluoranthene,8.366657128419676e-10,air,kg,2016
SRMW,Benzo[a]pyrene,2.4133697236400786e-10,air,kg,2016
SRMW,Benzo[ghi]perylene,4.0512979807102706e-09,air,kg,2016
SRMW,Benzo[ghi]perylene,1.6168761024862862e-09,water,kg,2016
SRMW,Benzo[k]fluoranthene,4.195928888245568e-12,air,kg,2016
SRMW,Benzyl chloride,0.00011538271114189415,air,kg,2016
SRMW,Beryllium,1.1931356803105645e-06,air,kg,2016
SRMW,Beryllium compounds,2.36092528239148e-07,air,kg,2016
SRMW,Biphenyl,2.8044930627195763e-07,air,kg,2016
SRMW,CORROSIVE WASTE,0.017269234086627373,waste,kg,2016
SRMW,Cadmium,2.2641163721780575e-06,air,kg,2016
SRMW,Carbon dioxide,737.12113449711,air,kg,2016
SRMW,Carbon disulfide,2.1391413922274317e-05,air,kg,2016
SRMW,Carbon monoxide,0.16440993239368643,air,kg,2016
SRMW,Chlorobenzene,3.612931113962719e-06,air,kg,2016
SRMW,Chloroethane,6.918226509310791e-06,air,kg,2016
SRMW,Chloroform,9.729873891067918e-06,air,kg,2016
SRMW,Chloromethane,8.738285272463495e-05,air,kg,2016
SRMW,Chromium compounds,8.871355606561925e-06,air,kg,2016
SRMW,Chromium compounds,0.0002215513747953277,ground,kg,2016
SRMW,Chromium compounds,9.014441987312923e-07,water,kg,2016
SRMW,Chromium(III),2.0338924617339626e-05,air,kg,2016
SRMW,Chromium(VI),3.3769488895330387e-06,air,kg,2016
SRMW,Chrysene,1.865550746613421e-09,air,kg,2016
SRMW,Cobalt,3.1256330129944735e-06,air,kg,2016
SRMW,Cobalt compounds,7.798207750929432e-07,air,kg,2016
SRMW,Copper compounds,9.515244319941419e-06,air,kg,2016
SRMW,Copper compounds,6.052553905767248e-05,ground,kg,2016
SRMW,Copper compounds,3.5700051997374194e-05,water,kg,2016
SRMW,Cumene,8.728325668672678e-07,air,kg,2016
SRMW,Cyanide,0.0004118512531708298,air,kg,2016
SRMW,Di(2-ethylhexyl) phthalate,1.1661540031206401e-05,air,kg,2016
SRMW,Dimethyl sulfate,7.869750941304933e-06,air,kg,2016
SRMW,Dioxins,1.860122949762984e-10,air,kg,2016
SRMW,Ethylbenzene,2.409787941736737e-05,air,kg,2016
SRMW,Ethylene dibromide,1.974592054363783e-07,air,kg,2016
SRMW,Fluoranthene,8.795727685366567e-09,air,kg,2016
SRMW,Fluorene,1.7171706996275575e-08,air,kg,2016
SRMW,Formaldehyde,0.0002141871678820474,air,kg,2016
SRMW,"HYDRAZINE (R,T)",0.00012814243914536445,waste,kg,2016
SRMW,Heat,10646.58789619713,input,MJ,2016
SRMW,Hexane,1.812359814476086e-05,air,kg,2016
SRMW,Hydrochloric acid,0.0008951684300715536,air,kg,2016
SRMW,Hydrofluoric acid,0.0036001406223873872,air,kg,2016
SRMW,IGNITABLE WASTE,0.00014639453787396186,waste,kg,2016
SRMW,"Indeno[1,2,3-cd]pyrene",3.8269340415231484e-10,air,kg,2016
SRMW,Isophorone,9.552446778936679e-05,air,kg,2016
SRMW,LAB PACK,0.00010076500648437212,waste,kg,2016
SRMW,LAB PACKS/ACUTE,3.648702709150469e-05,waste,kg,2016
SRMW,LEAD,0.00010107540328410135,waste,kg,2016
SRMW,Lead,6.4536281387316354e-06,air,kg,2016
SRMW,Lead,6.052553905767248e-08,water,kg,2016
SRMW,Lead compounds,5.515979977951004e-06,air,kg,2016
SRMW,Lead compounds,0.0001070887090816625,ground,kg,2016
SRMW,Lead compounds,8.155923702806931e-07,water,kg,2016
SRMW,MERCURY,4.381215660525025e-07,waste,kg,2016
SRMW,Manganese,3.9950720003819385e-05,air,kg,2016
SRMW,Manganese compounds,3.856177961239417e-05,air,kg,2016
SRMW,Manganese compounds,0.001068606293907454,ground,kg,2016
SRMW,Manganese compounds,5.9023132059786996e-05,water,kg,2016
SRMW,Mercury,2.6955426781960516e-06,air,kg,2016
SRMW,Mercury,3.784634770863918e-10,water,kg,2016
SRMW,Mercury compounds,2.2822277729784305e-06,air,kg,2016
SRMW,Mercury compounds,3.319604033423172e-07,ground,kg,2016
SRMW,Mercury compounds,4.514375312694012e-08,water,kg,2016
SRMW,Methane,0.03706681213950202,air,kg,2016
SRMW,Methanol,3.3998707858956516e-09,air,kg,2016
SRMW,Methyl bromide,2.6327894058183773e-05,air,kg,2016
SRMW,Methyl hydrazine,2.804493062719576e-05,air,kg,2016
SRMW,Methyl methacrylate,3.3052953953480715e-06,air,kg,2016
SRMW,Methyl tert-butyl ether,5.7663811442652515e-06,air,kg,2016
SRMW,Methylene chloride,4.0922704894785654e-05,air,kg,2016
SRMW,Naphthalene,5.876180749349519e-06,air,kg,2016
SRMW,Nickel,1.727087935664741e-05,air,kg,2016
SRMW,Nickel compounds,5.601831806401602e-06,air,kg,2016
SRMW,Nickel compounds,0.00010602772356839386,ground,kg,2016
SRMW,Nickel compounds,2.1534500303025317e-07,water,kg,2016
SRMW,Nitrogen dioxide,0.0001587785907188986,air,kg,2016
SRMW,Nitrogen oxides,0.5250233812737382,air,kg,2016
SRMW,Nitrous oxide,0.011938740111470504,air,kg,2016
SRMW,OTH ORGANIC LIQUID,1.2036973129608547e-06,waste,kg,2016
SRMW,"PAH/POM, unspecified",1.6558103408652439e-07,air,kg,2016
SRMW,PAINT THINNER,4.381215660525025e-08,waste,kg,2016
SRMW,"PAINT, INK, ETC.",3.2745418085584965e-06,waste,kg,2016
SRMW,"Particulate matter, ≤ 10μm",0.048993694721131235,air,kg,2016
SRMW,"Particulate matter, ≤ 2.5μm",0.029194212166519413,air,kg,2016
SRMW,Phenanthrene,4.9342086619602973e-08,air,kg,2016
SRMW,Phenol,3.871853589181245e-06,air,kg,2016
SRMW,Polycyclic aromatic hydrocarbons,6.224257562668446e-08,air,kg,2016
SRMW,Propionaldehyde,6.274476719781638e-05,air,kg,2016
SRMW,Propylene oxide,2.385522605370823e-06,air,kg,2016
SRMW,Pyrene,5.193594329484317e-09,air,kg,2016
SRMW,Selenium,4.3667823027570406e-05,air,kg,2016
SRMW,Selenium compounds,2.1105241160772318e-07,air,kg,2016
SRMW,Steam,92.71869940127061,output,MJ,2016
SRMW,Styrene,4.121562899024184e-06,air,kg,2016
SRMW,Sulfur dioxide,1.0150833903288345,air,kg,2016
SRMW,Sulfuric acid,0.004871149040754263,air,kg,2016
SRMW,"THE FOLLOWING SPENT HALOGENATED SOLVENTS: TETRACHLOROETHYLENE, METHYLENE CHLORIDE, TRICHLOROETHYLENE, 1,1,1-TRICHLOROETHANE, CHLOROBENZENE, 1,1,2-TRICHLORO-1,2,2-TRIFLUOROETHANE, ORTHO-DICHLOROBENZENE, TRICHLOROFLUOROMETHANE, AND 1,1,2, TRICHLOROETHANE; ALL SPENT SOLVENT MIXTURES/BLENDS CONTAINING, BEFORE USE, A TOTAL OF TEN PERCENT OR MORE (BY VOLUME) OF ONE OR MORE OF THE ABOVE HALOGENATED SOLVENTS OR THOSE SOLVENTS LISTED IN F001, F004, AND F005; AND STILL BOTTOMS FROM THE RECOVERY OF THESE SPENT SOLVENTS AND SPENT SOLVENT MIXTURES.",4.381215660525025e-08,waste,kg,2016
SRMW,"THE FOLLOWING SPENT NONHALOGENATED SOLVENTS: XYLENE, ACETONE, ETHYL ACETATE, ETHYL BENZENE, ETHYL ETHER, METHYL ISOBUTYL KETONE, N-BUTYL ALCOHOL, CYCLOHEXANONE, AND METHANOL; ALL SPENT SOLVENT MIXTURES/BLENDS CONTAINING, BEFORE USE, ONLY THE ABOVE SPENT NONHALOGENATED SOLVENTS; AND ALL SPENT SOLVENT MIXTURES/BLENDS CONTAINING, BEFORE USE, ONE OR MORE OF THE ABOVE NONHALOGENATED SOLVENTS, AND A TOTAL OF TEN PERCENT OR MORE (BY VOLUME) OF ONE OR MORE OF THOSE SOLVENTS LISTED IN F001, F002, F004, AND F005; AND STILL BOTTOMS FROM THE RECOVERY OF THESE SPENT SOLVENTS AND SPENT SOLVENT MIXTURES.",3.7989434089390174e-06,waste,kg,2016
SRMW,Tetrachloroethylene,7.082775847174439e-06,air,kg,2016
SRMW,Thallium compounds,2.3680796014290295e-07,air,kg,2016
SRMW,Toluene,7.142537027401416e-05,air,kg,2016
SRMW,Tribromomethane,6.417424176682295e-06,air,kg,2016
SRMW,Vanadium compounds,1.3736292552095883e-05,air,kg,2016
SRMW,Vanadium compounds,7.752777825040991e-05,ground,kg,2016
SRMW,Vanadium compounds,2.7043325961938767e-06,water,kg,2016
SRMW,Vinyl acetate,1.2520058315712394e-06,air,kg,2016
SRMW,Vinyl chloride,3.827560685089217e-07,air,kg,2016
SRMW,Volatile organic compounds,0.01410308359622268,air,kg,2016
SRMW,Xylene,2.1850341081566188e-05,air,kg,2016
SRMW,Zinc compounds,4.75762215997071e-05,air,kg,2016
SRMW,Zinc compounds,0.0008266064444390011,ground,kg,2016
SRMW,Zinc compounds,0.00011838680970576137,water,kg,2016
SRMW,m-Xylene,5.318136582938447e-10,air,kg,2016
SRMW,o-Xylene,3.13200878463225e-10,air,kg,2016
SRSO,"1,1,1-Trichloroethane",3.6389344472398346e-05,air,kg,2016
SRSO,"1,1,2,2-Tetrachloroethane",0.00010709751261957235,air,kg,2016
SRSO,"1,1,2-Trichloroethane",1.364735156693213e-07,air,kg,2016
SRSO,"1,1-Dichloroethane",0.0001312674643769715,air,kg,2016
SRSO,"1,1-Dichloroethylene",1.0852967216352073e-05,air,kg,2016
SRSO,"1,2,4-Trichlorobenzene",6.968245185658142e-07,air,kg,2016
SRSO,"1,2,4-Trimethylbenzene",1.6691737630469145e-06,air,kg,2016
SRSO,"1,2-Dichloroethane",3.695220331279821e-05,air,kg,2016
SRSO,"1,2-Dichloropropane",1.1532191462652262e-05,air,kg,2016
SRSO,"1,3-Butadiene",1.3706593143778645e-05,air,kg,2016
SRSO,"1,3-Dichloropropene",2.3391329274678163e-07,air,kg,2016
SRSO,1-Methylnaphthalene,1.5705697283395746e-06,air,kg,2016
SRSO,"2,2,4-Trimethylpentane",5.313381340811205e-07,air,kg,2016
SRSO,"2,4,5-Trichlorophenol",2.0904735556974427e-07,air,kg,2016
SRSO,"2,4,6-Trichlorophenol",1.7435069904364564e-07,air,kg,2016
SRSO,"2,4-DINITROTOLUENE",4.40567835485904e-05,waste,kg,2016
SRSO,"2,4-Dinitrophenol",3.498579533048279e-07,air,kg,2016
SRSO,"2,4-Dinitrotoluene",2.449848534884134e-07,air,kg,2016
SRSO,2-Chloroacetophenone,4.949014538018241e-07,air,kg,2016
SRSO,2-Methylnaphthalene,1.3124204801441524e-06,air,kg,2016
SRSO,"3,3'-Dichlorobenzidine",2.7930808503509397e-07,air,kg,2016
SRSO,3-Methylcholanthrene,3.2584152613845403e-12,air,kg,2016
SRSO,5-Methylchrysene,6.373144235743536e-11,air,kg,2016
SRSO,"7,12-Dimethylbenz[a]anthracene",2.905772917078854e-11,air,kg,2016
SRSO,ACIDIC AQUEOUS WST,0.00017030321299981845,waste,kg,2016
SRSO,AQUEOUS W/O CYANIDES,0.0018331503604548925,waste,kg,2016
SRSO,AQUEOUS/CYANIDES,0.0002973658919306661,waste,kg,2016
SRSO,Acenaphthene,2.5529008368328753e-09,air,kg,2016
SRSO,Acenaphthylene,1.1279786990171908e-09,air,kg,2016
SRSO,Acetaldehyde,0.000397021480716415,air,kg,2016
SRSO,Acetophenone,1.2443944877833794e-06,air,kg,2016
SRSO,Acrolein,8.454957943387116e-05,air,kg,2016
SRSO,Acrylonitrile,0.00019002464159907637,air,kg,2016
SRSO,Allyl chloride,2.949215804718384e-06,air,kg,2016
SRSO,Ammonia,0.012475032140416491,air,kg,2016
SRSO,Ammonia,9.734700574897585e-05,water,kg,2016
SRSO,Aniline,6.968245185658142e-07,air,kg,2016
SRSO,Anthracene,6.682861719519421e-10,air,kg,2016
SRSO,Antimony,6.762175841678797e-07,air,kg,2016
SRSO,Arsenic,2.378396203678205e-06,air,kg,2016
SRSO,Arsenic compounds,1.0038744246520284e-06,air,kg,2016
SRSO,Arsenic compounds,8.874906736046532e-06,water,kg,2016
SRSO,BARIUM,8.914328274255339e-05,waste,kg,2016
SRSO,"BENZENE, METHYL- (OR) TOLUENE",2.3274394724175286e-05,waste,kg,2016
SRSO,Barium compounds,1.5472613797939565e-05,air,kg,2016
SRSO,Barium compounds,2.0528855111275024e-07,ground,kg,2016
SRSO,Barium compounds,7.09473004059554e-05,water,kg,2016
SRSO,Benz[a]anthracene,2.8551682000723226e-10,air,kg,2016
SRSO,Benzene,0.00034299484183009137,air,kg,2016
SRSO,Benzidine,6.621278620397156e-08,air,kg,2016
SRSO,Benzo(b)fluoranthene,1.5142926205446508e-11,air,kg,2016
SRSO,Benzo[a]pyrene,7.07287584140304e-09,air,kg,2016
SRSO,Benzo[e]pyrene,2.6471685312546844e-11,air,kg,2016
SRSO,Benzo[ghi]perylene,1.093317059381779e-10,air,kg,2016
SRSO,Benzo[k]fluoranthene,4.554252080427771e-12,air,kg,2016
SRSO,Benzyl chloride,3.4398585700008775e-05,air,kg,2016
SRSO,Beryllium,2.2543917677914684e-07,air,kg,2016
SRSO,Beryllium compounds,7.11281458785022e-08,air,kg,2016
SRSO,Biphenyl,1.768423024092439e-07,air,kg,2016
SRSO,CADMIUM,0.0002056614853888686,waste,kg,2016
SRSO,CHROMIUM,0.0006649151334148422,waste,kg,2016
SRSO,CONT. DEBRIS,0.019557288161756496,waste,kg,2016
SRSO,CONTAMINATED SOIL,0.0012771092959763994,waste,kg,2016
SRSO,CORROSIVE WASTE,0.0015214086275563612,waste,kg,2016
SRSO,Cadmium,1.1810733002455143e-06,air,kg,2016
SRSO,Carbon dioxide,476.774218876575,air,kg,2016
SRSO,Carbon disulfide,3.1585744889436215e-05,air,kg,2016
SRSO,Carbon monoxide,0.18459805496242127,air,kg,2016
SRSO,Carbon tetrachloride,3.3660803609544835e-07,air,kg,2016
SRSO,Carbonyl sulfide,1.4873908390877204e-05,air,kg,2016
SRSO,Chlorobenzene,1.7038372523840732e-05,air,kg,2016
SRSO,Chloroethane,4.759846380013636e-05,air,kg,2016
SRSO,Chloroform,5.33765709336706e-06,air,kg,2016
SRSO,Chloromethane,6.068298528304311e-05,air,kg,2016
SRSO,Chromium compounds,3.238354609102539e-06,air,kg,2016
SRSO,Chromium compounds,1.5786978719374877e-09,ground,kg,2016
SRSO,Chromium compounds,1.139206889273572e-05,water,kg,2016
SRSO,Chromium(III),7.637814003110884e-06,air,kg,2016
SRSO,Chromium(VI),1.2406423883905672e-06,air,kg,2016
SRSO,Chrysene,8.139182903105585e-09,air,kg,2016
SRSO,Cobalt,1.6172143492658796e-06,air,kg,2016
SRSO,Cobalt compounds,5.522551163737366e-07,air,kg,2016
SRSO,Cobalt compounds,1.249079634939551e-07,water,kg,2016
SRSO,Copper compounds,3.4491848033943396e-06,air,kg,2016
SRSO,Copper compounds,4.784350882264179e-05,water,kg,2016
SRSO,Cumene,4.846635746705856e-07,air,kg,2016
SRSO,Cyanide,0.00017689182600045565,air,kg,2016
SRSO,DILUTE AQUEOUS WST,0.001016831504681051,waste,kg,2016
SRSO,Di(2-ethylhexyl) phthalate,4.894240218997409e-06,air,kg,2016
SRSO,"Dibenz[a,h]anthracene",2.167574942998951e-12,air,kg,2016
SRSO,"Dibenzo[a,e]pyrene",1.2318972561078636e-08,air,kg,2016
SRSO,Dibenzofuran,1.3375575115040162e-06,air,kg,2016
SRSO,Dibutyl phthalate,1.5246028026071548e-07,air,kg,2016
SRSO,Dimethyl phthalate,2.7774934290658387e-07,air,kg,2016
SRSO,Dimethyl sulfate,3.403872583208611e-06,air,kg,2016
SRSO,Dioxins,1.5643981810649765e-11,air,kg,2016
SRSO,Ethylbenzene,0.0005607768240905116,air,kg,2016
SRSO,Ethylene dibromide,1.0275936182782307e-06,air,kg,2016
SRSO,Fluoranthene,8.61530627265211e-09,air,kg,2016
SRSO,Fluorene,3.842437110282533e-09,air,kg,2016
SRSO,Formaldehyde,0.00588298428103621,air,kg,2016
SRSO,HALOGENATED SOLVENT,2.1957863305434057e-05,waste,kg,2016
SRSO,Heat,9467.633860650809,input,MJ,2016
SRSO,Hexachlorobenzene,2.0904735556974427e-07,air,kg,2016
SRSO,Hexachlorobutadiene,2.0904735556974427e-07,air,kg,2016
SRSO,Hexachlorocyclopentadiene,2.0904735556974427e-07,air,kg,2016
SRSO,Hexachloroethane,2.0904735556974427e-07,air,kg,2016
SRSO,Hexane,0.00036327650176040893,air,kg,2016
SRSO,Hydrochloric acid,0.006035708286654217,air,kg,2016
SRSO,Hydrofluoric acid,0.0006551003783536898,air,kg,2016
SRSO,Hydrogen sulfide,0.0006784083545728491,air,kg,2016
SRSO,IGNITABLE WASTE,0.0005048897990872611,waste,kg,2016
SRSO,"Indeno[1,2,3-cd]pyrene",1.8070085884170277e-10,air,kg,2016
SRSO,Isophorone,2.8710948290131706e-05,air,kg,2016
SRSO,LAB PACK,8.47176696845575e-07,waste,kg,2016
SRSO,LAB PACKS/NO ACUTE,0.00010494307033682535,waste,kg,2016
SRSO,LEAD,0.003552271594135928,waste,kg,2016
SRSO,Lead,1.411421051747781e-05,air,kg,2016
SRSO,Lead compounds,2.519157314972968e-06,air,kg,2016
SRSO,Lead compounds,4.6407988316378145e-08,water,kg,2016
SRSO,MERCURY,2.6612742250269117e-05,waste,kg,2016
SRSO,METAL BEARING SLUDGE,0.00015916065529934358,waste,kg,2016
SRSO,METHYL ETHYL KETONE,1.4952035398561095e-06,waste,kg,2016
SRSO,Manganese,5.792137907766013e-06,air,kg,2016
SRSO,Manganese compounds,4.752525457095586e-06,air,kg,2016
SRSO,Manganese compounds,2.8162406517720208e-05,water,kg,2016
SRSO,Mercury,2.531386676579842e-06,air,kg,2016
SRSO,Mercury compounds,1.465341358872054e-06,air,kg,2016
SRSO,Mercury compounds,1.1218585610105224e-09,ground,kg,2016
SRSO,Mercury compounds,1.5104950182517336e-09,water,kg,2016
SRSO,Methane,0.037025351401430345,air,kg,2016
SRSO,Methanol,1.1896794010988856e-05,air,kg,2016
SRSO,Methyl bromide,8.093347939407168e-06,air,kg,2016
SRSO,Methyl hydrazine,1.2041904687378805e-05,air,kg,2016
SRSO,Methyl iodide,7.201503991406715e-07,air,kg,2016
SRSO,Methyl isobutyl ketone,0.00010709511457382988,air,kg,2016
SRSO,Methyl methacrylate,1.3362268003471105e-06,air,kg,2016
SRSO,Methyl tert-butyl ether,2.477163562156758e-06,air,kg,2016
SRSO,Methylene chloride,0.0007171296547435125,air,kg,2016
SRSO,Methylene chloride,6.7237140314284165e-09,water,kg,2016
SRSO,N-Methyl-2-pyrrolidone,6.946489955071127e-05,air,kg,2016
SRSO,N-Nitrosodimethylamine,1.0466824718706422e-06,air,kg,2016
SRSO,NITROBENZENE,5.830353425854012e-06,waste,kg,2016
SRSO,NONHALOGEN. SOLVENT,0.0007083559683353787,waste,kg,2016
SRSO,Naphthalene,1.540725708660138e-05,air,kg,2016
SRSO,Nickel,6.372070780963606e-06,air,kg,2016
SRSO,Nickel compounds,3.3540101308562018e-06,air,kg,2016
SRSO,Nickel compounds,3.1516129677872925e-09,ground,kg,2016
SRSO,Nickel compounds,1.332929888210956e-05,water,kg,2016
SRSO,Nitrate compounds,2.266314799404543e-05,water,kg,2016
SRSO,Nitric acid,3.6768841766272877e-06,air,kg,2016
SRSO,Nitrobenzene,2.0904735556974427e-07,air,kg,2016
SRSO,Nitrogen dioxide,0.00017536802457090558,air,kg,2016
SRSO,Nitrogen oxides,0.22091183624944416,air,kg,2016
SRSO,Nitrous oxide,0.005397923243990423,air,kg,2016
SRSO,OILY SLUDGE,0.0003399415776331726,waste,kg,2016
SRSO,OTH INORGANIC SOLIDS,0.004352217775462297,waste,kg,2016
SRSO,OTHER AQUEOUS WST,0.00026975775788987014,waste,kg,2016
SRSO,OTHER SLUDGES,0.012082729931591579,waste,kg,2016
SRSO,"PAH/POM, unspecified",2.751338359053297e-07,air,kg,2016
SRSO,PAINT THINNER,0.0060294068639003846,waste,kg,2016
SRSO,"PAINT, INK SLUDGE",5.588064625826384e-05,waste,kg,2016
SRSO,"PAINT, INK, ETC.",0.010222929942147614,waste,kg,2016
SRSO,"Particulate matter, ≤ 10μm",0.07131689543207524,air,kg,2016
SRSO,"Particulate matter, ≤ 2.5μm",0.0454562576312397,air,kg,2016
SRSO,Pentachlorophenol,3.1516129677872923e-07,air,kg,2016
SRSO,Phenanthrene,1.3715708111201159e-08,air,kg,2016
SRSO,Phenol,1.3653407633925198e-05,air,kg,2016
SRSO,Phenol,9.45081482739239e-08,water,kg,2016
SRSO,Phosphorus,5.313144654205672e-07,air,kg,2016
SRSO,Polychlorinated biphenyls,7.287941782317514e-10,air,kg,2016
SRSO,Polycyclic aromatic hydrocarbons,3.9374128083617543e-07,air,kg,2016
SRSO,Propionaldehyde,2.4126219002327035e-05,air,kg,2016
SRSO,Propylene oxide,0.00020309275007155444,air,kg,2016
SRSO,Pyrene,3.308862914935933e-09,air,kg,2016
SRSO,Quinoline,2.08469077960976e-08,air,kg,2016
SRSO,REACTIVE ORG. LIQUID,0.00024797104366887243,waste,kg,2016
SRSO,REACTIVE WASTE,0.00010677210862929084,waste,kg,2016
SRSO,SODIUM AZIDE,7.691092196618532e-08,waste,kg,2016
SRSO,SOLID THERMAL RES.,5.5012205711687045e-06,waste,kg,2016
SRSO,SPENT ACID,0.0005493283767472864,waste,kg,2016
SRSO,SPENT FILTERS,0.00037137470563520424,waste,kg,2016
SRSO,Selenium,1.997901223362323e-05,air,kg,2016
SRSO,Selenium compounds,8.73199189240149e-06,air,kg,2016
SRSO,Selenium compounds,1.0119858153445435e-06,water,kg,2016
SRSO,Steam,1103.7888481468867,output,MJ,2016
SRSO,Styrene,3.42074388029336e-06,air,kg,2016
SRSO,Sulfur dioxide,0.16223356104113626,air,kg,2016
SRSO,Sulfuric acid,0.0031166837356529065,air,kg,2016
SRSO,TETRACHLOROETHYLENE,0.0004006454307819534,waste,kg,2016
SRSO,"THE FOLLOWING SPENT HALOGENATED SOLVENTS USED IN DEGREASING: TETRACHLOROETHYLENE, TRICHLORETHYLENE, METHYLENE CHLORIDE, 1,1,1-TRICHLOROETHANE, CARBON TETRACHLORIDE AND CHLORINATED FLUOROCARBONS; ALL SPENT SOLVENT MIXTURES/BLENDS USED IN DEGREASING CONTAINING, BEFORE USE, A TOTAL OF TEN PERCENT OR MORE (BY VOLUME) OF ONE OR MORE OF THE ABOVE HALOGENATED SOLVENTS OR THOSE SOLVENTS LISTED IN F002, F004, AND F005; AND STILL BOTTOMS FROM THE RECOVERY OF THESE SPENT SOLVENTS AND SPENT SOLVENT MIXTURES.",9.014102548204227e-05,waste,kg,2016
SRSO,"THE FOLLOWING SPENT HALOGENATED SOLVENTS: TETRACHLOROETHYLENE, METHYLENE CHLORIDE, TRICHLOROETHYLENE, 1,1,1-TRICHLOROETHANE, CHLOROBENZENE, 1,1,2-TRICHLORO-1,2,2-TRIFLUOROETHANE, ORTHO-DICHLOROBENZENE, TRICHLOROFLUOROMETHANE, AND 1,1,2, TRICHLOROETHANE; ALL SPENT SOLVENT MIXTURES/BLENDS CONTAINING, BEFORE USE, A TOTAL OF TEN PERCENT OR MORE (BY VOLUME) OF ONE OR MORE OF THE ABOVE HALOGENATED SOLVENTS OR THOSE SOLVENTS LISTED IN F001, F004, AND F005; AND STILL BOTTOMS FROM THE RECOVERY OF THESE SPENT SOLVENTS AND SPENT SOLVENT MIXTURES.",0.0011774887740896279,waste,kg,2016
SRSO,"THE FOLLOWING SPENT NONHALOGENATED SOLVENTS: TOLUENE, METHYL ETHYL KETONE, CARBON DISULFIDE, ISOBUTANOL, PYRIDINE, BENZENE, 2-ETHOXYETHANOL, AND 2-NITROPROPANE; ALL SPENT SOLVENT MIXTURES/BLENDS CONTAINING, BEFORE USE, A TOTAL OF TEN PERCENT OR MORE (BY VOLUME) OF ONE OR MORE OF THE ABOVE NONHALOGENATED SOLVENTS OR THOSE SOLVENTS LISTED IN F001, F002, OR F004; AND STILL BOTTOMS FROM THE RECOVERY OF THESE SPENT SOLVENTS AND SPENT SOLVENT MIXTURES.",0.0002965341261878971,waste,kg,2016
SRSO,"THE FOLLOWING SPENT NONHALOGENATED SOLVENTS: XYLENE, ACETONE, ETHYL ACETATE, ETHYL BENZENE, ETHYL ETHER, METHYL ISOBUTYL KETONE, N-BUTYL ALCOHOL, CYCLOHEXANONE, AND METHANOL; ALL SPENT SOLVENT MIXTURES/BLENDS CONTAINING, BEFORE USE, ONLY THE ABOVE SPENT NONHALOGENATED SOLVENTS; AND ALL SPENT SOLVENT MIXTURES/BLENDS CONTAINING, BEFORE USE, ONE OR MORE OF THE ABOVE NONHALOGENATED SOLVENTS, AND A TOTAL OF TEN PERCENT OR MORE (BY VOLUME) OF ONE OR MORE OF THOSE SOLVENTS LISTED IN F001, F002, F004, AND F005; AND STILL BOTTOMS FROM THE RECOVERY OF THESE SPENT SOLVENTS AND SPENT SOLVENT MIXTURES.",0.0009630461313942432,waste,kg,2016
SRSO,TRICHLORETHYLENE,0.00012689623174433535,waste,kg,2016
SRSO,Tetrachloroethylene,0.0004166091805539236,air,kg,2016
SRSO,Thallium compounds,1.5006303947537662e-07,air,kg,2016
SRSO,Toluene,0.0038593174473334994,air,kg,2016
SRSO,Tribromomethane,2.7589469672638505e-06,air,kg,2016
SRSO,Trichloroethylene,0.0002073421274292064,air,kg,2016
SRSO,Vanadium compounds,4.530187104769116e-06,air,kg,2016
SRSO,Vanadium compounds,2.370938195950073e-06,water,kg,2016
SRSO,Vinyl acetate,4.712984845818937e-07,air,kg,2016
SRSO,Vinyl chloride,0.00025854420095469823,air,kg,2016
SRSO,Volatile organic compounds,0.02868013063759566,air,kg,2016
SRSO,Xylene,0.0012777826987102033,air,kg,2016
SRSO,Zinc compounds,4.235049971963629e-05,air,kg,2016
SRSO,Zinc compounds,1.249079634939551e-07,ground,kg,2016
SRSO,Zinc compounds,7.170642348727051e-06,water,kg,2016
SRSO,m-Cresol,2.3073276589855592e-07,air,kg,2016
SRSO,m-Xylene,1.7962799456902758e-06,air,kg,2016
SRSO,o-Xylene,1.0599149988502587e-06,air,kg,2016
SRSO,p-Cresol,4.2214265440086675e-07,air,kg,2016
SRSO,p-Dichlorobenzene,1.8609678444061646e-05,air,kg,2016
SRSO,p-Nitrophenol,3.498579533048279e-07,air,kg,2016
SRTV,"1,1,1-Trichloroethane",5.375221360270449e-06,air,kg,2016
SRTV,"1,1,2,2-Tetrachloroethane",1.46246326281641e-05,air,kg,2016
SRTV,"1,1-Dichloroethane",1.8990227170845235e-05,air,kg,2016
SRTV,"1,1-Dichloroethylene",1.5218492040584035e-06,air,kg,2016
SRTV,"1,2,4-Trichlorobenzene",2.1191065775528345e-06,air,kg,2016
SRTV,"1,2-Dichloroethane",5.705889019853399e-06,air,kg,2016
SRTV,"1,2-Dichloropropane",1.7969930027954649e-06,air,kg,2016
SRTV,"1,3-Butadiene",3.6146120625401564e-07,air,kg,2016
SRTV,"1,3-Dichloropropene",2.538558601150921e-07,air,kg,2016
SRTV,"2,4-Dinitrotoluene",1.8525797708915502e-06,air,kg,2016
SRTV,"2-BUTANONE, PEROXIDE (R,T) (OR) METHYL ETHYL KETONE PEROXIDE (R,T)",7.34041041296652e-07,waste,kg,2016
SRTV,2-Chloroacetophenone,6.248087434846502e-07,air,kg,2016
SRTV,2-Methylnaphthalene,7.3471483976622094e-09,air,kg,2016
SRTV,5-Methylchrysene,2.1802766643275557e-10,air,kg,2016
SRTV,"7,12-Dimethylbenz[a]anthracene",5.374229052350488e-13,air,kg,2016
SRTV,Acenaphthene,6.688311860051031e-09,air,kg,2016
SRTV,Acenaphthylene,4.105103134087312e-09,air,kg,2016
SRTV,Acetaldehyde,6.059266438044352e-05,air,kg,2016
SRTV,Acetophenone,2.289508962139557e-06,air,kg,2016
SRTV,Acrolein,2.191044456903847e-05,air,kg,2016
SRTV,Acrylonitrile,3.37043853282243e-05,air,kg,2016
SRTV,Ammonia,0.0030029026826673016,air,kg,2016
SRTV,Ammonia,4.028487143306626e-05,water,kg,2016
SRTV,Anthracene,2.8930388889727107e-09,air,kg,2016
SRTV,Antimony,8.746694151309297e-07,air,kg,2016
SRTV,Arsenic,4.2719634136192294e-06,air,kg,2016
SRTV,Arsenic compounds,4.128980857293667e-06,air,kg,2016
SRTV,Arsenic compounds,4.89360694197768e-07,ground,kg,2016
SRTV,Arsenic compounds,5.505307809724889e-06,water,kg,2016
SRTV,Barium compounds,2.0582004461326596e-05,air,kg,2016
SRTV,Barium compounds,0.0010029958634737016,ground,kg,2016
SRTV,Barium compounds,0.00012188523179714375,water,kg,2016
SRTV,Benz[a]anthracene,1.611976570029508e-09,air,kg,2016
SRTV,Benzene,8.79500477930793e-05,air,kg,2016
SRTV,Benzidine,1.8700569385414702e-06,air,kg,2016
SRTV,Benzo(b)fluoranthene,7.829101953438422e-13,air,kg,2016
SRTV,Benzo[a]pyrene,3.8493461748949427e-10,air,kg,2016
SRTV,Benzo[ghi]perylene,1.0049371398704163e-07,air,kg,2016
SRTV,Benzyl chloride,3.652728038833339e-05,air,kg,2016
SRTV,Beryllium,2.8835720177895705e-07,air,kg,2016
SRTV,Beryllium compounds,1.9312270253161914e-07,air,kg,2016
SRTV,Beryllium compounds,5.243150294976085e-08,ground,kg,2016
SRTV,Beryllium compounds,4.2862753661429495e-08,water,kg,2016
SRTV,Biphenyl,1.9268577334037114e-07,air,kg,2016
SRTV,CORROSIVE WASTE,7.34041041296652e-07,waste,kg,2016
SRTV,Cadmium,5.413063321685395e-07,air,kg,2016
SRTV,Carbon dioxide,529.8886064405385,air,kg,2016
SRTV,Carbon disulfide,1.1330684121397473e-05,air,kg,2016
SRTV,Carbon monoxide,0.16232999944012744,air,kg,2016
SRTV,Carbon tetrachloride,1.5534326242828695e-07,air,kg,2016
SRTV,Carbonyl sulfide,2.3104266902651806e-06,air,kg,2016
SRTV,Chlorine,1.0093064317828964e-08,air,kg,2016
SRTV,Chlorobenzene,3.436608016005136e-06,air,kg,2016
SRTV,Chloroethane,9.874090517393928e-06,air,kg,2016
SRTV,Chloroform,3.496819411489056e-06,air,kg,2016
SRTV,Chloromethane,4.850106010937176e-05,air,kg,2016
SRTV,Chromium compounds,7.209331655592118e-06,air,kg,2016
SRTV,Chromium compounds,0.00015754705392182392,ground,kg,2016
SRTV,Chromium compounds,6.029622839222498e-06,water,kg,2016
SRTV,Chromium(III),9.566769045973496e-06,air,kg,2016
SRTV,Chromium(VI),1.781057412708483e-06,air,kg,2016
SRTV,Chrysene,1.8107063833987514e-09,air,kg,2016
SRTV,Cobalt,1.3221465970991953e-06,air,kg,2016
SRTV,Cobalt compounds,7.515182089465722e-07,air,kg,2016
SRTV,Cobalt compounds,4.063441478606466e-05,ground,kg,2016
SRTV,Cobalt compounds,3.4779563623341367e-07,water,kg,2016
SRTV,Copper compounds,5.723772405348893e-06,air,kg,2016
SRTV,Copper compounds,0.00021921305532861138,ground,kg,2016
SRTV,Copper compounds,8.244810145930769e-05,water,kg,2016
SRTV,Cumene,3.7750682123827816e-07,air,kg,2016
SRTV,Cyanide,0.00034881324431983027,air,kg,2016
SRTV,Cyanide compounds,0.000149640383277,air,kg,2016
SRTV,Di(2-ethylhexyl) phthalate,5.854851162723295e-06,air,kg,2016
SRTV,Dibenzofuran,1.966181360616032e-06,air,kg,2016
SRTV,Dibutyl phthalate,5.068378618476882e-07,air,kg,2016
SRTV,Dimethyl phthalate,6.160701596596901e-07,air,kg,2016
SRTV,Dimethyl sulfate,3.962947764619424e-06,air,kg,2016
SRTV,Dioxins,1.0529993509076972e-10,air,kg,2016
SRTV,Ethylbenzene,6.702552384922289e-05,air,kg,2016
SRTV,Ethylene dibromide,8.317996500024933e-07,air,kg,2016
SRTV,Fluoranthene,9.524926636516127e-09,air,kg,2016
SRTV,Fluorene,1.3159636655316977e-08,air,kg,2016
SRTV,Formaldehyde,0.00030902425753871483,air,kg,2016
SRTV,Heat,10255.357796111044,input,MJ,2016
SRTV,Hexane,5.990098385444521e-05,air,kg,2016
SRTV,Hydrochloric acid,0.003918265532736123,air,kg,2016
SRTV,Hydrofluoric acid,0.0005911621372542149,air,kg,2016
SRTV,Hydrogen sulfide,9.496587037811162e-05,air,kg,2016
SRTV,IGNITABLE WASTE,1.590422256142746e-06,waste,kg,2016
SRTV,"Indeno[1,2,3-cd]pyrene",6.029622839222498e-10,air,kg,2016
SRTV,Isophorone,3.233276015235252e-05,air,kg,2016
SRTV,LEAD,8.164322197262931e-05,waste,kg,2016
SRTV,Lead,4.942048337283275e-06,air,kg,2016
SRTV,Lead,1.0620675966483112e-05,ground,kg,2016
SRTV,Lead,8.16009382767615e-09,water,kg,2016
SRTV,Lead compounds,5.4564832199026716e-06,air,kg,2016
SRTV,Lead compounds,4.5448063686043956e-05,ground,kg,2016
SRTV,Lead compounds,1.4135745409109836e-06,water,kg,2016
SRTV,MERCURY,3.980424932269345e-08,waste,kg,2016
SRTV,Manganese,1.1656276422287078e-05,air,kg,2016
SRTV,Manganese compounds,1.1141694376824181e-05,air,kg,2016
SRTV,Manganese compounds,0.0014842724937749988,ground,kg,2016
SRTV,Manganese compounds,0.00034996280502200375,water,kg,2016
SRTV,Mercury,2.158656974336507e-06,air,kg,2016
SRTV,Mercury compounds,1.9487041929661114e-06,air,kg,2016
SRTV,Mercury compounds,3.67020520648326e-07,ground,kg,2016
SRTV,Mercury compounds,1.0529993509076972e-07,water,kg,2016
SRTV,Methane,0.041061915637782914,air,kg,2016
SRTV,Methyl bromide,1.3326340333064216e-05,air,kg,2016
SRTV,Methyl hydrazine,1.420019871556023e-05,air,kg,2016
SRTV,Methyl iodide,6.160701596596901e-07,air,kg,2016
SRTV,Methyl isobutyl ketone,2.1037455659751083e-05,air,kg,2016
SRTV,Methyl methacrylate,1.9224884414912314e-06,air,kg,2016
SRTV,Methyl tert-butyl ether,3.3949398159970154e-06,air,kg,2016
SRTV,Methylene chloride,0.00012308827849715677,air,kg,2016
SRTV,Naphthalene,1.9063845319071915e-06,air,kg,2016
SRTV,Nickel,1.6790601851073234e-05,air,kg,2016
SRTV,Nickel compounds,6.772402464344111e-06,air,kg,2016
SRTV,Nickel compounds,7.599290958780964e-05,ground,kg,2016
SRTV,Nickel compounds,1.9443349010536315e-05,water,kg,2016
SRTV,Nitrate compounds,0.001299369303189137,water,kg,2016
SRTV,Nitrogen dioxide,3.7714196112848595e-05,air,kg,2016
SRTV,Nitrogen oxides,0.31781003609022307,air,kg,2016
SRTV,Nitrous oxide,0.007452672813831602,air,kg,2016
SRTV,"PAH/POM, unspecified",1.4011303092801042e-07,air,kg,2016
SRTV,"PAINT, INK, ETC.",1.791409684116829e-06,waste,kg,2016
SRTV,"Particulate matter, ≤ 10μm",0.09802369610124577,air,kg,2016
SRTV,"Particulate matter, ≤ 2.5μm",0.08204341240653144,air,kg,2016
SRTV,Phenanthrene,3.3263254334253236e-08,air,kg,2016
SRTV,Phenol,2.6172058555755626e-06,air,kg,2016
SRTV,Polychlorinated biphenyls,2.7395460291250044e-10,air,kg,2016
SRTV,Polycyclic aromatic hydrocarbons,4.143608909361452e-06,air,kg,2016
SRTV,Propionaldehyde,2.276401086402117e-05,air,kg,2016
SRTV,Propylene oxide,1.9157242934856764e-05,air,kg,2016
SRTV,Pyrene,4.945867598733259e-09,air,kg,2016
SRTV,Selenium,3.6588742443217544e-05,air,kg,2016
SRTV,Selenium compounds,1.4986671259806644e-05,air,kg,2016
SRTV,Selenium compounds,4.4566777507296725e-07,ground,kg,2016
SRTV,Selenium compounds,1.533621461280505e-05,water,kg,2016
SRTV,Steam,276.1765834398801,output,MJ,2016
SRTV,Styrene,1.4637127906808238e-06,air,kg,2016
SRTV,Sulfur dioxide,0.44084553561837536,air,kg,2016
SRTV,Sulfuric acid,0.022436632491965584,air,kg,2016
SRTV,"THE FOLLOWING SPENT NONHALOGENATED SOLVENTS: XYLENE, ACETONE, ETHYL ACETATE, ETHYL BENZENE, ETHYL ETHER, METHYL ISOBUTYL KETONE, N-BUTYL ALCOHOL, CYCLOHEXANONE, AND METHANOL; ALL SPENT SOLVENT MIXTURES/BLENDS CONTAINING, BEFORE USE, ONLY THE ABOVE SPENT NONHALOGENATED SOLVENTS; AND ALL SPENT SOLVENT MIXTURES/BLENDS CONTAINING, BEFORE USE, ONE OR MORE OF THE ABOVE NONHALOGENATED SOLVENTS, AND A TOTAL OF TEN PERCENT OR MORE (BY VOLUME) OF ONE OR MORE OF THOSE SOLVENTS LISTED IN F001, F002, F004, AND F005; AND STILL BOTTOMS FROM THE RECOVERY OF THESE SPENT SOLVENTS AND SPENT SOLVENT MIXTURES.",1.0398914751702568e-05,waste,kg,2016
SRTV,Tetrachloroethylene,5.0824499769317334e-05,air,kg,2016
SRTV,Thallium compounds,3.1153051335982906e-07,air,kg,2016
SRTV,Thallium compounds,8.913355501459345e-07,ground,kg,2016
SRTV,Thallium compounds,4.6314494272288755e-07,water,kg,2016
SRTV,Toluene,0.0003904723544469962,air,kg,2016
SRTV,Tribromomethane,2.9842263762238883e-06,air,kg,2016
SRTV,Trichloroethylene,2.9259488517150024e-05,air,kg,2016
SRTV,Vanadium compounds,8.52011922933614e-06,air,kg,2016
SRTV,Vanadium compounds,0.000377862481599954,ground,kg,2016
SRTV,Vanadium compounds,5.742341895976934e-05,water,kg,2016
SRTV,Vinyl acetate,6.685016626094508e-07,air,kg,2016
SRTV,Vinyl chloride,3.612953936809012e-05,air,kg,2016
SRTV,Volatile organic compounds,0.01102091227003935,air,kg,2016
SRTV,Xylene,0.0001491492261283324,air,kg,2016
SRTV,Zinc compounds,6.070169868170313e-05,air,kg,2016
SRTV,Zinc compounds,9.68619585493882e-05,ground,kg,2016
SRTV,Zinc compounds,5.2709826844585834e-05,water,kg,2016
SRTV,o-Cresol,2.5385586011509216e-06,air,kg,2016
SRTV,p-Cresol,8.083190038088132e-07,air,kg,2016
SRTV,p-Dichlorobenzene,4.275924736739154e-06,air,kg,2016
SRVC,"1,1,1-Trichloroethane",9.10816016034061e-06,air,kg,2016
SRVC,"1,1,2,2-Tetrachloroethane",6.44127086534714e-06,air,kg,2016
SRVC,"1,1,2-Trichloroethane",8.54724351720842e-08,air,kg,2016
SRVC,"1,1-Dichloroethane",8.563133904564966e-06,air,kg,2016
SRVC,"1,1-Dichloroethylene",5.963193151540757e-07,air,kg,2016
SRVC,"1,1-Dimethylhydrazine",3.277704755430193e-09,air,kg,2016
SRVC,"1,2,4-Trichlorobenzene",3.037884179384992e-08,air,kg,2016
SRVC,"1,2,4-Trimethylbenzene",0.000728690757854456,air,kg,2016
SRVC,"1,2-Dichloroethane",3.716878452274798e-06,air,kg,2016
SRVC,"1,2-Dichloropropane",1.984891434727138e-06,air,kg,2016
SRVC,"1,3-Butadiene",5.620458793839795e-07,air,kg,2016
SRVC,"1,3-Dichloropropene",2.5755315183083176e-08,air,kg,2016
SRVC,"2,2,4-Trimethylpentane",2.4335507289859184e-07,air,kg,2016
SRVC,"2,4,6-Trichlorophenol",6.303947045914516e-10,air,kg,2016
SRVC,"2,4-Dinitrophenol",6.445927835236914e-09,air,kg,2016
SRVC,"2,4-Dinitrotoluene",1.2334231280024462e-06,air,kg,2016
SRVC,2-Chloroacetophenone,3.0736361528651673e-07,air,kg,2016
SRVC,2-Methylnaphthalene,4.6404718684211984e-10,air,kg,2016
SRVC,2-PROPANONE (I) (OR) ACETONE (I),8.441333908291085e-07,waste,kg,2016
SRVC,5-Methylchrysene,4.012625710615078e-11,air,kg,2016
SRVC,ASH,0.0007712766761891266,waste,kg,2016
SRVC,Acenaphthene,1.1763010894413467e-09,air,kg,2016
SRVC,Acenaphthylene,5.999743550726743e-10,air,kg,2016
SRVC,Acetaldehyde,0.00010508270964762644,air,kg,2016
SRVC,Acetophenone,1.1813629511452388e-06,air,kg,2016
SRVC,Acrolein,0.00014943648563849326,air,kg,2016
SRVC,Acrylonitrile,1.8055801999322397e-05,air,kg,2016
SRVC,Allyl chloride,1.8451411286264582e-07,air,kg,2016
SRVC,Ammonia,0.00786967038924818,air,kg,2016
SRVC,Ammonia,7.918419418396947e-07,ground,kg,2016
SRVC,Ammonia,0.0001667985160257628,water,kg,2016
SRVC,Anthracene,4.936783858838144e-10,air,kg,2016
SRVC,Antimony,8.646620963860516e-07,air,kg,2016
SRVC,Arsenic,3.621730044586309e-06,air,kg,2016
SRVC,Arsenic compounds,1.5662534006829179e-06,air,kg,2016
SRVC,Arsenic compounds,4.25801798913798e-07,ground,kg,2016
SRVC,Arsenic compounds,2.6394731394656487e-06,water,kg,2016
SRVC,BARIUM,7.886800865444554e-06,waste,kg,2016
SRVC,Barium compounds,1.343753210617313e-05,air,kg,2016
SRVC,Barium compounds,4.50702488908757e-06,ground,kg,2016
SRVC,Barium compounds,6.12166407825462e-05,water,kg,2016
SRVC,Benz[a]anthracene,2.454282647696621e-10,air,kg,2016
SRVC,Benzene,0.00020794521264262388,air,kg,2016
SRVC,Benzidine,1.2699351897429065e-06,air,kg,2016
SRVC,Benzo(b)fluoranthene,1.6900718892148482e-11,air,kg,2016
SRVC,Benzo[a]pyrene,2.2127823349406528e-10,air,kg,2016
SRVC,Benzo[ghi]perylene,1.5869146437725462e-09,air,kg,2016
SRVC,Benzofluoranthene,1.2127329558825564e-11,air,kg,2016
SRVC,Benzyl chloride,2.0424636254952217e-05,air,kg,2016
SRVC,Beryllium,1.816647374446066e-07,air,kg,2016
SRVC,Beryllium compounds,1.912372991612847e-08,air,kg,2016
SRVC,Biphenyl,3.0633482079685734e-07,air,kg,2016
SRVC,CHROMIUM,5.622417109428601e-05,waste,kg,2016
SRVC,CONT. DEBRIS,0.00018658104429529698,waste,kg,2016
SRVC,CORROSIVE WASTE,5.8280583026612656e-05,waste,kg,2016
SRVC,Cadmium,1.0869936823214457e-06,air,kg,2016
SRVC,Carbon dioxide,360.1747149717491,air,kg,2016
SRVC,Carbon disulfide,5.49551043840145e-06,air,kg,2016
SRVC,Carbon monoxide,0.11805349215755202,air,kg,2016
SRVC,Carbon tetrachloride,1.680047146707179e-06,air,kg,2016
SRVC,Carbonyl sulfide,1.0847332304231283e-06,air,kg,2016
SRVC,Chlorine,0.00011394137573285038,air,kg,2016
SRVC,Chlorine,5.60153471781599e-05,water,kg,2016
SRVC,Chlorobenzene,2.792017999959777e-06,air,kg,2016
SRVC,Chloroethane,9.065276646773156e-06,air,kg,2016
SRVC,Chloroform,3.111428028293921e-06,air,kg,2016
SRVC,Chloromethane,2.013917910416218e-05,air,kg,2016
SRVC,Chromic(VI) acid,3.60110246682941e-07,air,kg,2016
SRVC,Chromium compounds,5.578655537290447e-06,air,kg,2016
SRVC,Chromium compounds,1.6384654016682989e-06,ground,kg,2016
SRVC,Chromium compounds,4.2882735995246e-07,water,kg,2016
SRVC,Chromium(III),1.0640682616216099e-05,air,kg,2016
SRVC,Chromium(VI),1.8907111845690658e-06,air,kg,2016
SRVC,Chrysene,2.413245579308585e-10,air,kg,2016
SRVC,Cobalt,1.5699864155432689e-06,air,kg,2016
SRVC,Cobalt compounds,1.296032318872724e-06,air,kg,2016
SRVC,Cobalt compounds,1.5040016756955204e-07,ground,kg,2016
SRVC,Cobalt compounds,3.486096599294253e-07,water,kg,2016
SRVC,Copper compounds,3.122693869413883e-05,air,kg,2016
SRVC,Copper compounds,7.046895268573383e-07,ground,kg,2016
SRVC,Copper compounds,2.176459720778167e-05,water,kg,2016
SRVC,Cumene,1.822383009450086e-07,air,kg,2016
SRVC,Cyanide,7.93697501389682e-05,air,kg,2016
SRVC,Di(2-ethylhexyl) phthalate,2.9418529040448216e-06,air,kg,2016
SRVC,"Dibenz[a,h]anthracene",1.3680085828707018e-11,air,kg,2016
SRVC,Dibenzofuran,1.2823855347403858e-06,air,kg,2016
SRVC,Dibutyl phthalate,2.231101823548322e-09,air,kg,2016
SRVC,Dimethyl phthalate,4.083713159173268e-07,air,kg,2016
SRVC,Dimethyl sulfate,2.1086633456456243e-06,air,kg,2016
SRVC,Dioxins,3.971346792844806e-10,air,kg,2016
SRVC,"ETHANE, 1,1,1-TRICHLORO- (OR) METHYL CHLOROFORM",1.2391615986667614e-06,waste,kg,2016
SRVC,"ETHENE, TETRACHLORO- (OR) TETRACHLOROETHYLENE",1.6442725329978063e-06,waste,kg,2016
SRVC,Ethylbenzene,7.207288722913189e-05,air,kg,2016
SRVC,Ethylene dibromide,3.258255516894173e-07,air,kg,2016
SRVC,Fluoranthene,1.8431687888344024e-09,air,kg,2016
SRVC,Fluorene,3.2234464539311967e-09,air,kg,2016
SRVC,Formaldehyde,0.0012244329338223965,air,kg,2016
SRVC,Heat,10099.359262596075,input,MJ,2016
SRVC,Hexane,0.00039176123576994926,air,kg,2016
SRVC,Hydrochloric acid,0.003795735233767864,air,kg,2016
SRVC,Hydrofluoric acid,0.001346034038301186,air,kg,2016
SRVC,Hydrogen cyanide,6.669500411009785e-05,air,kg,2016
SRVC,Hydrogen sulfide,4.062876833397186e-05,air,kg,2016
SRVC,IGNITABLE WASTE,7.9802738162855e-05,waste,kg,2016
SRVC,"Indeno[1,2,3-cd]pyrene",1.2918126037407593e-10,air,kg,2016
SRVC,Isophorone,2.6884513790342345e-05,air,kg,2016
SRVC,LAB PACKS/NO ACUTE,0.00016634729415333226,waste,kg,2016
SRVC,LEAD,0.0011675788576854223,waste,kg,2016
SRVC,Lead,8.790822390678708e-06,air,kg,2016
SRVC,Lead,1.3406107738426195e-08,water,kg,2016
SRVC,Lead compounds,7.320441237388004e-06,air,kg,2016
SRVC,Lead compounds,1.347127328727279e-07,ground,kg,2016
SRVC,Lead compounds,5.678904909454254e-06,water,kg,2016
SRVC,MERCURY,3.522273996144321e-05,waste,kg,2016
SRVC,Manganese,6.251141458492725e-05,air,kg,2016
SRVC,Manganese compounds,0.00017278459398591256,air,kg,2016
SRVC,Manganese compounds,2.4776186544984156e-05,ground,kg,2016
SRVC,Manganese compounds,0.00032248535002811404,water,kg,2016
SRVC,Mercury,1.1888768300300961e-06,air,kg,2016
SRVC,Mercury compounds,8.024544203825142e-07,air,kg,2016
SRVC,Mercury compounds,4.656429029057323e-09,ground,kg,2016
SRVC,Mercury compounds,1.9652993949119786e-07,water,kg,2016
SRVC,Methane,0.03028151765463846,air,kg,2016
SRVC,Methanol,2.4335507289859187e-06,air,kg,2016
SRVC,Methyl bromide,7.318011735069874e-06,air,kg,2016
SRVC,Methyl hydrazine,7.457691365174141e-06,air,kg,2016
SRVC,Methyl iodide,2.12900899456899e-07,air,kg,2016
SRVC,Methyl isobutyl ketone,1.1792111257811471e-05,air,kg,2016
SRVC,Methyl methacrylate,7.672811757023679e-07,air,kg,2016
SRVC,Methyl tert-butyl ether,1.4519989852245654e-06,air,kg,2016
SRVC,Methylene chloride,9.992839445263007e-05,air,kg,2016
SRVC,NONHALOGEN. SOLVENT,6.230924364622693e-06,waste,kg,2016
SRVC,Naphthalene,0.0001745679795921321,air,kg,2016
SRVC,Nickel,2.5542145416091366e-05,air,kg,2016
SRVC,Nickel compounds,6.625817910406679e-06,air,kg,2016
SRVC,Nickel compounds,4.631528339062365e-06,water,kg,2016
SRVC,Nitrogen dioxide,0.0015068738543639784,air,kg,2016
SRVC,Nitrogen oxides,0.2217473339324517,air,kg,2016
SRVC,Nitrous oxide,0.00503989670177004,air,kg,2016
SRVC,"PAH/POM, unspecified",6.751353090542421e-07,air,kg,2016
SRVC,"PAINT, INK, ETC.",0.00023808578429884212,waste,kg,2016
SRVC,"Particulate matter, ≤ 10μm",0.03473201406032437,air,kg,2016
SRVC,"Particulate matter, ≤ 2.5μm",0.02677064094462557,air,kg,2016
SRVC,Pentachlorophenol,1.6185809982753486e-09,air,kg,2016
SRVC,Phenanthrene,7.2625875124399075e-09,air,kg,2016
SRVC,Phenol,2.8497119821024207e-06,air,kg,2016
SRVC,Phosphorus,1.5991794253187562e-06,air,kg,2016
SRVC,Polychlorinated biphenyls,2.339843408033135e-10,air,kg,2016
SRVC,Polycyclic aromatic hydrocarbons,5.993532311271959e-06,air,kg,2016
SRVC,Propionaldehyde,1.481125295037273e-05,air,kg,2016
SRVC,Propylene oxide,1.71376108928216e-05,air,kg,2016
SRVC,Pyrene,1.0829488975625793e-09,air,kg,2016
SRVC,SILVER,3.237947892999096e-05,waste,kg,2016
SRVC,SOLVENT MIXTURE,2.2035483825061166e-05,waste,kg,2016
SRVC,SPENT FILTERS,0.0012888870098435956,waste,kg,2016
SRVC,Selenium,2.722302432320487e-05,air,kg,2016
SRVC,Selenium compounds,1.9721346476007488e-05,air,kg,2016
SRVC,Selenium compounds,3.959209709198473e-07,ground,kg,2016
SRVC,Selenium compounds,5.104641448966585e-06,water,kg,2016
SRVC,Steam,537.635248718169,output,MJ,2016
SRVC,Styrene,6.11514765356286e-05,air,kg,2016
SRVC,Sulfur dioxide,0.15358534435626264,air,kg,2016
SRVC,Sulfuric acid,0.006369899720096016,air,kg,2016
SRVC,"THE FOLLOWING SPENT HALOGENATED SOLVENTS: TETRACHLOROETHYLENE, METHYLENE CHLORIDE, TRICHLOROETHYLENE, 1,1,1-TRICHLOROETHANE, CHLOROBENZENE, 1,1,2-TRICHLORO-1,2,2-TRIFLUOROETHANE, ORTHO-DICHLOROBENZENE, TRICHLOROFLUOROMETHANE, AND 1,1,2, TRICHLOROETHANE; ALL SPENT SOLVENT MIXTURES/BLENDS CONTAINING, BEFORE USE, A TOTAL OF TEN PERCENT OR MORE (BY VOLUME) OF ONE OR MORE OF THE ABOVE HALOGENATED SOLVENTS OR THOSE SOLVENTS LISTED IN F001, F004, AND F005; AND STILL BOTTOMS FROM THE RECOVERY OF THESE SPENT SOLVENTS AND SPENT SOLVENT MIXTURES.",1.6907568506577128e-06,waste,kg,2016
SRVC,"THE FOLLOWING SPENT NONHALOGENATED SOLVENTS: TOLUENE, METHYL ETHYL KETONE, CARBON DISULFIDE, ISOBUTANOL, PYRIDINE, BENZENE, 2-ETHOXYETHANOL, AND 2-NITROPROPANE; ALL SPENT SOLVENT MIXTURES/BLENDS CONTAINING, BEFORE USE, A TOTAL OF TEN PERCENT OR MORE (BY VOLUME) OF ONE OR MORE OF THE ABOVE NONHALOGENATED SOLVENTS OR THOSE SOLVENTS LISTED IN F001, F002, OR F004; AND STILL BOTTOMS FROM THE RECOVERY OF THESE SPENT SOLVENTS AND SPENT SOLVENT MIXTURES.",1.8666749787057209e-06,waste,kg,2016
SRVC,"THE FOLLOWING SPENT NONHALOGENATED SOLVENTS: XYLENE, ACETONE, ETHYL ACETATE, ETHYL BENZENE, ETHYL ETHER, METHYL ISOBUTYL KETONE, N-BUTYL ALCOHOL, CYCLOHEXANONE, AND METHANOL; ALL SPENT SOLVENT MIXTURES/BLENDS CONTAINING, BEFORE USE, ONLY THE ABOVE SPENT NONHALOGENATED SOLVENTS; AND ALL SPENT SOLVENT MIXTURES/BLENDS CONTAINING, BEFORE USE, ONE OR MORE OF THE ABOVE NONHALOGENATED SOLVENTS, AND A TOTAL OF TEN PERCENT OR MORE (BY VOLUME) OF ONE OR MORE OF THOSE SOLVENTS LISTED IN F001, F002, F004, AND F005; AND STILL BOTTOMS FROM THE RECOVERY OF THESE SPENT SOLVENTS AND SPENT SOLVENT MIXTURES.",4.2674259762566585e-05,waste,kg,2016
SRVC,Tetrachloroethylene,3.8696956776428406e-05,air,kg,2016
SRVC,Toluene,0.0004536814837888656,air,kg,2016
SRVC,Tribromomethane,1.486606204910656e-06,air,kg,2016
SRVC,Trichloroethylene,1.4170250697532708e-05,air,kg,2016
SRVC,Vanadium compounds,4.116080578139202e-06,air,kg,2016
SRVC,Vanadium compounds,1.5040016756955205e-06,ground,kg,2016
SRVC,Vanadium compounds,8.424323618094294e-07,water,kg,2016
SRVC,Vinyl acetate,3.141590450101704e-07,air,kg,2016
SRVC,Vinyl chloride,2.439254828715067e-05,air,kg,2016
SRVC,Volatile organic compounds,0.00808414515219092,air,kg,2016
SRVC,WASTE OIL,6.856364571466874e-06,waste,kg,2016
SRVC,Xylene,0.0001547532424322165,air,kg,2016
SRVC,Zinc compounds,0.0010536155890091194,air,kg,2016
SRVC,Zinc compounds,5.204244208946421e-06,ground,kg,2016
SRVC,Zinc compounds,4.2484499394600666e-05,water,kg,2016
SRVC,m-Xylene,2.099502775775556e-09,air,kg,2016
SRVC,o-Xylene,7.748928238746453e-08,air,kg,2016
SRVC,p-Cresol,2.6394731394656486e-08,air,kg,2016
SRVC,p-Dichlorobenzene,2.506544232933366e-06,air,kg,2016
SRVC,p-Nitrophenol,3.492727417331015e-09,air,kg,2016
